time,exchange,price,amount,side
2026-09-12T18:23:36.803331+00:00,wallex,17991270203.0,0.00056019,sell
2026-09-12T18:23:36.803376+00:00,wallex,17991270202.0,0.000899,sell
2026-09-12T18:23:36.803390+00:00,wallex,17982781250.0,0.000399,sell
2026-09-12T18:23:36.803401+00:00,wallex,17949754674.0,0.0003508,sell
2026-09-12T18:23:36.803412+00:00,wallex,17941685833.0,0.00108746,sell
2026-09-12T18:23:36.803423+00:00,wallex,17933584868.0,1.897e-05,sell
2026-09-12T18:23:36.803433+00:00,wallex,17923497600.0,0.0022306,sell
2026-09-12T18:23:36.803443+00:00,wallex,17920000000.0,0.00112281,sell
2026-09-12T18:23:36.803453+00:00,wallex,17920000000.0,0.00056512,buy
2026-09-12T18:23:36.803466+00:00,wallex,17906218754.0,0.00026292,buy
2026-09-12T18:23:36.803480+00:00,wallex,17906218754.0,0.0001688,buy
2026-09-12T18:23:36.803494+00:00,wallex,17906218753.0,0.02996399,sell
2026-09-12T18:23:36.803506+00:00,wallex,17906218753.0,1.236e-05,sell
2026-09-12T18:23:36.803516+00:00,wallex,17906218753.0,0.000599,sell
2026-09-12T18:23:36.803526+00:00,wallex,17906218752.0,0.00032063,buy
2026-09-12T18:23:36.803535+00:00,wallex,17906218753.0,0.000599,sell
2026-09-12T18:23:36.803544+00:00,wallex,17906218753.0,0.000599,sell
2026-09-12T18:23:36.803553+00:00,wallex,17906218753.0,0.01298128,sell
2026-09-12T18:23:36.803564+00:00,wallex,17906218753.0,0.00050719,buy
2026-09-12T18:23:36.803574+00:00,wallex,17920000000.0,0.00015082,sell
2026-09-12T18:23:36.803582+00:00,wallex,17906218751.0,0.06050341,sell
2026-09-12T18:23:36.803592+00:00,wallex,17906218751.0,5.579e-05,sell
2026-09-12T18:23:36.803601+00:00,wallex,17906218751.0,0.000599,sell
2026-09-12T18:23:36.803610+00:00,wallex,17906218751.0,0.00049725,buy
2026-09-12T18:23:36.803619+00:00,wallex,17919686165.0,3.007e-05,sell
2026-09-12T18:23:36.803628+00:00,wallex,17919686164.0,0.00050096,sell
2026-09-12T18:23:36.803637+00:00,wallex,17919686165.0,0.00013977,sell
2026-09-12T18:23:36.803646+00:00,wallex,17919686165.0,0.00021003,sell
2026-09-12T18:23:36.803655+00:00,wallex,17919686165.0,0.00016898,sell
2026-09-12T18:23:36.803663+00:00,wallex,17920000000.0,0.00044564,buy
2026-09-12T18:23:36.803672+00:00,wallex,17920000000.0,0.0002,buy
2026-09-12T18:23:36.803681+00:00,wallex,17920000000.0,0.00017111,buy
2026-09-12T18:23:36.803690+00:00,wallex,17920000000.0,2.28e-05,buy
2026-09-12T18:23:36.803699+00:00,wallex,17920000001.0,0.0129749,sell
2026-09-12T18:23:36.803708+00:00,wallex,17920000001.0,0.00086188,buy
2026-09-12T18:23:36.803718+00:00,wallex,17923497600.0,0.00026851,buy
2026-09-12T18:23:36.803732+00:00,wallex,17924001002.0,1.116e-05,buy
2026-09-12T18:23:36.803741+00:00,wallex,17924001003.0,0.00079602,buy
2026-09-12T18:23:36.803750+00:00,wallex,17928000001.0,0.00405713,sell
2026-09-12T18:23:36.803759+00:00,wallex,17927999961.0,0.00209,sell
2026-09-12T18:23:36.803769+00:00,wallex,17928000000.0,0.0002314,buy
2026-09-12T18:23:36.803778+00:00,wallex,17928000000.0,0.00017791,buy
2026-09-12T18:23:36.803786+00:00,wallex,17928000000.0,0.00058843,buy
2026-09-12T18:23:36.803795+00:00,wallex,17928000001.0,0.03153839,sell
2026-09-12T18:23:36.803804+00:00,wallex,17928000001.0,0.00069963,buy
2026-09-12T18:23:36.803813+00:00,wallex,17930792434.0,0.00337684,sell
2026-09-12T18:23:36.803822+00:00,wallex,17933584866.0,0.00013072,sell
2026-09-12T18:23:36.803831+00:00,wallex,17933584856.0,0.00027846,sell
2026-09-12T18:23:36.803840+00:00,wallex,17933584866.0,0.00027517,buy
2026-09-12T18:23:36.803849+00:00,wallex,17933584866.0,1.393e-05,buy
2026-09-12T18:23:37.842678+00:00,nobitex,17890000009.0,1.4e-05,buy
2026-09-12T18:23:37.842729+00:00,nobitex,17890000009.0,5.6e-05,buy
2026-09-12T18:23:37.842742+00:00,nobitex,17890000009.0,5e-06,buy
2026-09-12T18:23:37.842752+00:00,nobitex,17890000009.0,0.001551,buy
2026-09-12T18:23:37.842762+00:00,nobitex,17890000000.0,0.003543,sell
2026-09-12T18:23:37.842771+00:00,nobitex,17890000000.0,0.000572,sell
2026-09-12T18:23:37.842780+00:00,nobitex,17890000001.0,5.5e-05,sell
2026-09-12T18:23:37.842788+00:00,nobitex,17890000000.0,0.002421,sell
2026-09-12T18:23:37.842797+00:00,nobitex,17890000001.0,0.00067,sell
2026-09-12T18:23:37.842806+00:00,nobitex,17890000009.0,6.8e-05,buy
2026-09-12T18:23:37.842814+00:00,nobitex,17890000000.0,5.2e-05,sell
2026-09-12T18:23:37.842822+00:00,nobitex,17890000001.0,2.3e-05,sell
2026-09-12T18:23:37.842831+00:00,nobitex,17890000002.0,0.000205,sell
2026-09-12T18:23:37.842839+00:00,nobitex,17890000002.0,0.000447,sell
2026-09-12T18:23:37.842846+00:00,nobitex,17890000009.0,0.000205,buy
2026-09-12T18:23:37.842854+00:00,nobitex,17890000009.0,0.000334,buy
2026-09-12T18:23:37.842861+00:00,nobitex,17890000009.0,0.001117,buy
2026-09-12T18:23:37.842869+00:00,nobitex,17890000009.0,5e-06,buy
2026-09-12T18:23:37.842878+00:00,nobitex,17890000009.0,2.2e-05,buy
2026-09-12T18:23:37.842886+00:00,nobitex,17890000009.0,6.1e-05,sell
2026-09-12T18:23:38.764264+00:00,bitpin,17910076550.0,0.00016513,sell
2026-09-12T18:23:38.764298+00:00,bitpin,17910000000.0,0.00013651,buy
2026-09-12T18:23:38.764308+00:00,bitpin,17910000000.0,0.0031241,sell
2026-09-12T18:23:38.764317+00:00,bitpin,17910000000.0,0.00326501,sell
2026-09-12T18:23:38.764324+00:00,bitpin,17910000000.0,0.01036137,sell
2026-09-12T18:23:38.764332+00:00,bitpin,17910000001.0,0.00558347,sell
2026-09-12T18:23:38.764345+00:00,bitpin,17910000000.0,0.01116688,sell
2026-09-12T18:23:38.764353+00:00,bitpin,17910094825.0,0.00025751,buy
2026-09-12T18:23:38.764361+00:00,bitpin,17910094825.0,0.0020277,sell
2026-09-12T18:23:38.764369+00:00,bitpin,17931578482.0,0.00016799,buy
2026-09-12T18:23:38.764377+00:00,bitpin,17932584136.0,0.00011151,buy
2026-09-12T18:23:38.764385+00:00,bitpin,17935243900.0,0.00013162,sell
2026-09-12T18:23:38.764393+00:00,bitpin,17936269448.0,0.00163702,sell
2026-09-12T18:23:38.764400+00:00,bitpin,17947313304.0,0.00110226,sell
2026-09-12T18:23:38.764407+00:00,bitpin,17949243899.0,0.0004948,buy
2026-09-12T18:23:38.764415+00:00,bitpin,17949243899.0,0.0027138,sell
2026-09-12T18:23:38.764426+00:00,bitpin,17949243899.0,9.05e-06,sell
2026-09-12T18:23:38.764434+00:00,bitpin,17949243899.0,7.183e-05,sell
2026-09-12T18:23:38.764442+00:00,bitpin,17949243900.0,5.535e-05,buy
2026-09-12T18:23:38.764450+00:00,bitpin,17949243900.0,1.671e-05,buy
2026-09-12T18:23:38.764457+00:00,bitpin,17949243900.0,0.00212417,buy
2026-09-12T18:23:38.764465+00:00,bitpin,17949243900.0,2.228e-05,buy
2026-09-12T18:23:38.764472+00:00,bitpin,17949243900.0,0.00038851,buy
2026-09-12T18:23:38.764479+00:00,bitpin,17949243899.0,0.00054807,sell
2026-09-12T18:23:38.764487+00:00,bitpin,17949243900.0,8.66e-06,sell
2026-09-12T18:23:38.764494+00:00,bitpin,17962027654.0,5.567e-05,sell
2026-09-12T18:23:38.764501+00:00,bitpin,17962027654.0,5.567e-05,sell
2026-09-12T18:23:38.764509+00:00,bitpin,17971513006.0,0.0002,buy
2026-09-12T18:23:38.764516+00:00,bitpin,17977041311.0,5.55e-06,buy
2026-09-12T18:23:38.764524+00:00,bitpin,17983125376.0,0.00500462,buy
2026-09-12T18:23:38.764532+00:00,bitpin,17983589200.0,0.00211878,buy
2026-09-12T18:23:38.764539+00:00,bitpin,17989956543.0,5.55e-06,buy
2026-09-12T18:23:38.764546+00:00,bitpin,17977243793.0,0.00027812,sell
2026-09-12T18:23:38.764554+00:00,bitpin,17979243899.0,0.00032939,sell
2026-09-12T18:23:38.764561+00:00,bitpin,17979243899.0,0.00042183,sell
2026-09-12T18:23:38.764568+00:00,bitpin,17996904350.0,1.111e-05,buy
2026-09-12T18:23:38.764576+00:00,bitpin,17979505422.0,0.00012783,sell
2026-09-12T18:23:38.764583+00:00,bitpin,17979759442.0,0.00027809,sell
2026-09-12T18:23:38.764591+00:00,bitpin,17997152562.0,4.895e-05,sell
2026-09-12T18:23:38.764601+00:00,bitpin,17997152562.0,3.167e-05,sell
2026-09-12T18:23:38.764612+00:00,bitpin,17998152562.0,0.00055539,buy
2026-09-12T18:23:38.764622+00:00,bitpin,17998152568.0,0.00472264,buy
2026-09-12T18:23:38.764632+00:00,bitpin,17998385211.0,0.00031076,buy
2026-09-12T18:23:38.764642+00:00,bitpin,17994787805.0,0.00959962,buy
2026-09-12T18:23:38.764652+00:00,bitpin,17996586509.0,0.00104479,buy
2026-09-12T18:23:38.764662+00:00,bitpin,17994787806.0,0.00149256,buy
2026-09-12T18:23:38.764672+00:00,bitpin,17979243899.0,0.00013436,sell
2026-09-12T18:23:38.764683+00:00,bitpin,17999243899.0,0.00228787,sell
2026-09-12T18:23:38.764693+00:00,bitpin,17999243899.0,1.088e-05,sell
2026-09-12T18:23:38.764703+00:00,bitpin,17995911957.0,0.0019159,buy
2026-09-12T18:23:38.764713+00:00,bitpin,17997710948.0,0.00134113,buy
2026-09-12T18:23:38.764724+00:00,bitpin,18000877337.0,0.0003121,sell
2026-09-12T18:23:38.764733+00:00,bitpin,17999243899.0,0.00037667,sell
2026-09-12T18:23:38.764744+00:00,bitpin,17999243899.0,0.00099387,sell
2026-09-12T18:23:38.764754+00:00,bitpin,18001045249.0,0.00195791,sell
2026-09-12T18:23:38.764764+00:00,bitpin,17976379843.0,0.00629315,sell
2026-09-12T18:23:38.764774+00:00,bitpin,17980877337.0,0.00111229,sell
2026-09-12T18:23:38.764784+00:00,bitpin,17984853656.0,0.00058052,sell
2026-09-12T18:23:38.764794+00:00,bitpin,17986653700.0,0.00082931,sell
2026-09-12T18:23:38.764804+00:00,bitpin,17988453744.0,0.00118473,sell
2026-09-12T18:23:38.764814+00:00,bitpin,17998251563.0,0.00111362,buy
2026-09-12T18:23:38.764824+00:00,bitpin,17979898376.0,0.00043199,sell
2026-09-12T18:23:38.764837+00:00,bitpin,17975877337.0,2.945e-05,sell
2026-09-12T18:23:38.764848+00:00,bitpin,17975877336.0,8.19e-05,sell
2026-09-12T18:23:38.764858+00:00,bitpin,17989259805.0,8.38e-06,buy
2026-09-12T18:23:38.764869+00:00,bitpin,17989259805.0,8.289e-05,buy
2026-09-12T18:23:38.764880+00:00,bitpin,17989259805.0,0.00027655,buy
2026-09-12T18:23:38.764889+00:00,bitpin,18095324661.0,0.00797983,buy
2026-09-12T18:23:38.764899+00:00,bitpin,17989259805.0,0.00011069,buy
2026-09-12T18:23:38.764910+00:00,bitpin,18092583703.0,8.311e-05,buy
2026-09-12T18:23:38.764920+00:00,bitpin,17989259805.0,5.595e-05,buy
2026-09-12T18:23:38.764930+00:00,bitpin,18080267100.0,0.000325,buy
2026-09-12T18:23:38.764940+00:00,bitpin,17977691620.0,0.00059232,buy
2026-09-12T18:23:38.764950+00:00,bitpin,18092583703.0,7.773e-05,buy
2026-09-12T18:23:38.764960+00:00,bitpin,18079177788.0,0.00012345,buy
2026-09-12T18:23:38.764970+00:00,bitpin,18092583703.0,0.00027704,buy
2026-09-12T18:23:38.764980+00:00,bitpin,18044909685.0,0.00211983,buy
2026-09-12T18:23:38.764993+00:00,bitpin,18080029367.0,0.00414117,buy
2026-09-12T18:23:38.765003+00:00,bitpin,17977691620.0,0.00111248,buy
2026-09-12T18:23:38.765013+00:00,bitpin,18041385642.0,5.307e-05,buy
2026-09-12T18:23:38.765023+00:00,bitpin,18054836872.0,0.00056,buy
2026-09-12T18:23:38.765034+00:00,bitpin,18024025568.0,0.00073997,buy
2026-09-12T18:23:38.765043+00:00,bitpin,18007779049.0,0.00947993,buy
2026-09-12T18:23:38.765053+00:00,bitpin,18011921851.0,0.001738,buy
2026-09-12T18:23:38.765063+00:00,bitpin,17962027654.0,2.786e-05,buy
2026-09-12T18:23:38.765073+00:00,bitpin,17956900651.0,0.00025778,buy
2026-09-12T18:23:38.765083+00:00,bitpin,17954340405.0,0.0003494,buy
2026-09-12T18:23:38.765093+00:00,bitpin,17947313304.0,0.00037195,buy
2026-09-12T18:23:38.765103+00:00,bitpin,17941256010.0,0.00175377,buy
2026-09-12T18:23:38.765113+00:00,bitpin,17947313304.0,0.00083466,buy
2026-09-12T18:23:38.765123+00:00,bitpin,17941256010.0,0.00018555,buy
2026-09-12T18:23:38.765132+00:00,bitpin,17941256010.0,0.00555846,buy
2026-09-12T18:23:38.765139+00:00,bitpin,17940256010.0,0.00610744,buy
2026-09-12T18:23:38.765147+00:00,bitpin,17939457594.0,1.095e-05,sell
2026-09-12T18:23:38.765154+00:00,bitpin,17940256010.0,0.00023505,buy
2026-09-12T18:23:38.765160+00:00,bitpin,17927437374.0,0.00227413,sell
2026-09-12T18:23:38.765167+00:00,bitpin,17939602462.0,0.00049424,buy
2026-09-12T18:23:38.765174+00:00,bitpin,17940256010.0,0.0006095,buy
2026-09-12T18:23:38.765181+00:00,bitpin,17939733567.0,0.00105319,buy
2026-09-12T18:23:38.765190+00:00,bitpin,17939733567.0,6.131e-05,buy
2026-09-12T18:23:53.512991+00:00,wallex,17981374968.0,3.224e-05,sell
2026-09-12T18:23:54.553031+00:00,nobitex,17890000009.0,0.000293,buy
2026-09-12T18:23:54.553076+00:00,nobitex,17890000009.0,0.00088,buy
2026-09-12T18:23:54.553088+00:00,nobitex,17890000009.0,0.000128,sell
2026-09-12T18:23:54.553098+00:00,nobitex,17890000010.0,0.006804,sell
2026-09-12T18:23:54.553107+00:00,nobitex,17890000009.0,0.000106,buy
2026-09-12T18:24:12.320820+00:00,nobitex,17889999990.0,1e-06,sell
2026-09-12T18:24:12.320880+00:00,nobitex,17890000009.0,0.001523,buy
2026-09-12T18:24:12.320900+00:00,nobitex,17889999990.0,0.000642,sell
2026-09-12T18:24:12.320918+00:00,nobitex,17889999991.0,0.001472,sell
2026-09-12T18:24:12.320934+00:00,nobitex,17890000000.0,5.5e-05,sell
2026-09-12T18:24:12.320953+00:00,nobitex,17890000000.0,0.000286,sell
2026-09-12T18:24:12.320969+00:00,nobitex,17890000000.0,0.000111,sell
2026-09-12T18:24:12.320987+00:00,nobitex,17890000001.0,0.002094,sell
2026-09-12T18:24:13.995677+00:00,bitpin,17910000000.0,0.00220824,buy
2026-09-12T18:24:29.450465+00:00,nobitex,17890000009.0,0.000239,buy
2026-09-12T18:24:29.450511+00:00,nobitex,17890000009.0,8.5e-05,buy
2026-09-12T18:24:47.783101+00:00,nobitex,17890000009.0,0.009417,buy
2026-09-12T18:25:05.247023+00:00,wallex,17991270201.0,0.00713994,sell
2026-09-12T18:25:05.247079+00:00,wallex,17926792434.0,0.00192859,sell
2026-09-12T18:25:05.247094+00:00,wallex,17926792434.0,0.00028229,sell
2026-09-12T18:25:05.247106+00:00,wallex,17926792434.0,0.00278912,sell
2026-09-12T18:25:06.004616+00:00,nobitex,17889999991.0,0.000145,buy
2026-09-12T18:25:06.004647+00:00,nobitex,17889999991.0,0.000755,sell
2026-09-12T18:25:21.672854+00:00,nobitex,17889999990.0,0.000556,sell
2026-09-12T18:25:21.672906+00:00,nobitex,17889999990.0,0.000695,sell
2026-09-12T18:25:21.672923+00:00,nobitex,17889999990.0,0.009398,sell
2026-09-12T18:25:36.725501+00:00,wallex,17947245384.0,0.00021406,buy
2026-09-12T18:25:37.954723+00:00,nobitex,17889999991.0,7.5e-05,buy
2026-09-12T18:25:54.235605+00:00,nobitex,17907000000.0,1.6e-05,buy
2026-09-12T18:25:54.235635+00:00,nobitex,17907000000.0,0.000251,buy
2026-09-12T18:25:54.235645+00:00,nobitex,17890000009.0,0.024773,buy
2026-09-12T18:25:54.235654+00:00,nobitex,17889999991.0,0.004675,buy
2026-09-12T18:25:54.235663+00:00,nobitex,17889999991.0,0.000389,buy
2026-09-12T18:25:54.235671+00:00,nobitex,17889999991.0,0.000109,buy
2026-09-12T18:25:54.235679+00:00,nobitex,17889999991.0,0.000193,buy
2026-09-12T18:25:55.364722+00:00,bitpin,17909340405.0,7.19e-06,sell
2026-09-12T18:25:55.364791+00:00,bitpin,17906313205.0,0.00018665,sell
2026-09-12T18:25:55.364815+00:00,bitpin,17909340407.0,2.282e-05,sell
2026-09-12T18:26:11.757025+00:00,nobitex,17907000000.0,0.000457,buy
2026-09-12T18:26:30.168193+00:00,nobitex,17897744451.0,7e-05,sell
2026-09-12T18:26:48.712566+00:00,nobitex,17907000000.0,0.000581,buy
2026-09-12T18:27:05.521058+00:00,wallex,17947245453.0,0.00045004,buy
2026-09-12T18:27:06.733496+00:00,nobitex,17907000001.0,0.000112,sell
2026-09-12T18:27:44.649695+00:00,nobitex,17933000001.0,7e-06,buy
2026-09-12T18:28:21.075745+00:00,nobitex,17933000001.0,8e-05,buy
2026-09-12T18:28:21.075798+00:00,nobitex,17933000001.0,0.025124,buy
2026-09-12T18:28:39.193405+00:00,nobitex,17907000004.0,7.9e-05,sell
2026-09-12T18:28:39.193539+00:00,nobitex,17933000000.0,6e-05,buy
2026-09-12T18:28:39.193560+00:00,nobitex,17907000004.0,2.3e-05,sell
2026-09-12T18:28:40.738572+00:00,bitpin,17910000000.0,0.00013163,buy
2026-09-12T18:28:40.738627+00:00,bitpin,17910000000.0,5.583e-05,buy
2026-09-12T18:28:40.738649+00:00,bitpin,17910000000.0,0.00123131,buy
2026-09-12T18:28:40.738670+00:00,bitpin,17909340405.0,2.036e-05,buy
2026-09-12T18:28:56.503900+00:00,wallex,17947245577.0,0.00019416,buy
2026-09-12T18:28:58.059322+00:00,nobitex,17912687154.0,1e-06,sell
2026-09-12T18:28:58.059390+00:00,nobitex,17926327980.0,6e-06,sell
2026-09-12T18:29:17.085850+00:00,nobitex,17889999990.0,0.009056,sell
2026-09-12T18:29:17.085894+00:00,nobitex,17890000010.0,0.000145,sell
2026-09-12T18:29:17.085907+00:00,nobitex,17890000011.0,0.00088,sell
2026-09-12T18:29:17.085919+00:00,nobitex,17907000000.0,0.000257,sell
2026-09-12T18:29:17.085929+00:00,nobitex,17907000003.0,0.000231,sell
2026-09-12T18:29:17.085940+00:00,nobitex,17907000004.0,0.000557,sell
2026-09-12T18:29:17.085950+00:00,nobitex,17912687154.0,0.000507,sell
2026-09-12T18:29:17.085960+00:00,nobitex,17912687155.0,0.000244,sell
2026-09-12T18:29:17.085971+00:00,nobitex,17912687155.0,0.003439,sell
2026-09-12T18:29:17.085981+00:00,nobitex,17912687155.0,0.002561,sell
2026-09-12T18:29:33.778210+00:00,nobitex,17894007653.0,0.000275,sell
2026-09-12T18:29:33.778262+00:00,nobitex,17915033036.0,0.000287,sell
2026-09-12T18:29:33.778280+00:00,nobitex,17889999992.0,0.000931,sell
2026-09-12T18:29:33.778296+00:00,nobitex,17895085028.0,0.019375,sell
2026-09-12T18:29:33.778311+00:00,nobitex,17906681199.0,0.000101,sell
2026-09-12T18:29:33.778324+00:00,nobitex,17906681200.0,0.000454,sell
2026-09-12T18:29:33.778338+00:00,nobitex,17906681201.0,0.00088,sell
2026-09-12T18:29:33.778352+00:00,nobitex,17929132309.0,0.000155,sell
2026-09-12T18:29:33.778365+00:00,nobitex,17929132309.0,0.000258,sell
2026-09-12T18:29:35.312916+00:00,bitpin,17935243900.0,5e-08,buy
2026-09-12T18:29:35.312961+00:00,bitpin,17931578482.0,0.00270205,buy
2026-09-12T18:29:35.312977+00:00,bitpin,17935243900.0,0.01615475,buy
2026-09-12T18:29:35.312990+00:00,bitpin,17930578482.0,4.65e-05,buy
2026-09-12T18:29:51.796794+00:00,nobitex,17894007654.0,0.000122,sell
2026-09-12T18:30:09.923123+00:00,nobitex,17932999998.0,1e-05,buy
2026-09-12T18:30:27.496550+00:00,wallex,17947245544.0,3.679e-05,buy
2026-09-12T18:30:29.788577+00:00,bitpin,17949243891.0,0.00301434,buy
2026-09-12T18:30:29.788615+00:00,bitpin,17947313304.0,0.001016,buy
2026-09-12T18:30:46.276892+00:00,nobitex,17932999998.0,1.6e-05,buy
2026-09-12T18:30:47.296354+00:00,bitpin,17949243900.0,0.00033427,buy
2026-09-12T18:30:47.296384+00:00,bitpin,17949243900.0,0.00437182,buy
2026-09-12T18:31:02.965022+00:00,wallex,17981374967.0,0.00010782,sell
2026-09-12T18:31:02.965055+00:00,wallex,17981374967.0,0.0015083,sell
2026-09-12T18:31:04.194252+00:00,nobitex,17890000000.0,8.6e-05,sell
2026-09-12T18:31:04.194310+00:00,nobitex,17890000001.0,8e-06,sell
2026-09-12T18:31:04.194332+00:00,nobitex,17914034158.0,0.000446,sell
2026-09-12T18:31:22.728031+00:00,nobitex,17914034158.0,0.000558,buy
2026-09-12T18:31:24.165329+00:00,bitpin,17960712587.0,0.00064792,buy
2026-09-12T18:31:39.930031+00:00,wallex,17981373000.0,4.51e-05,buy
2026-09-12T18:31:39.930067+00:00,wallex,17981373000.0,1.523e-05,buy
2026-09-12T18:31:41.469466+00:00,nobitex,17914034158.0,0.000115,buy
2026-09-12T18:31:41.469515+00:00,nobitex,17899988106.0,1e-06,sell
2026-09-12T18:31:43.031104+00:00,bitpin,17970705123.0,0.00012043,sell
2026-09-12T18:31:43.031139+00:00,bitpin,17970705123.0,0.00017205,sell
2026-09-12T18:31:43.031151+00:00,bitpin,17970221754.0,0.00029762,buy
2026-09-12T18:31:43.031163+00:00,bitpin,17968425617.0,0.00018971,buy
2026-09-12T18:31:43.031188+00:00,bitpin,17976987685.0,0.00023546,sell
2026-09-12T18:31:43.031205+00:00,bitpin,17976987685.0,4.267e-05,buy
2026-09-12T18:31:43.031222+00:00,bitpin,17971513006.0,0.00257656,buy
2026-09-12T18:31:43.031237+00:00,bitpin,17962027654.0,0.01089784,buy
2026-09-12T18:31:43.031252+00:00,bitpin,17962508150.0,0.00045354,buy
2026-09-12T18:31:43.031267+00:00,bitpin,17976987685.0,0.00946045,buy
2026-09-12T18:31:43.031282+00:00,bitpin,17964303714.0,0.00031748,buy
2026-09-12T18:31:43.031296+00:00,bitpin,17966605431.0,0.00061684,buy
2026-09-12T18:31:59.078989+00:00,nobitex,17914034158.0,0.000306,sell
2026-09-12T18:31:59.079044+00:00,nobitex,17914034158.0,0.000543,sell
2026-09-12T18:32:00.512767+00:00,bitpin,17974215861.0,0.00101003,buy
2026-09-12T18:32:17.183418+00:00,nobitex,17932999998.0,9e-06,buy
2026-09-12T18:32:17.183459+00:00,nobitex,17932999998.0,5.1e-05,buy
2026-09-12T18:32:35.125762+00:00,bitpin,17962796942.0,1.023e-05,sell
2026-09-12T18:33:08.147179+00:00,nobitex,17932999998.0,0.002004,buy
2026-09-12T18:33:08.147234+00:00,nobitex,17932999998.0,0.000768,buy
2026-09-12T18:33:08.147256+00:00,nobitex,17932999998.0,0.000261,buy
2026-09-12T18:33:08.147276+00:00,nobitex,17932999998.0,1.2e-05,buy
2026-09-12T18:33:45.026241+00:00,nobitex,17930000000.0,1e-06,sell
2026-09-12T18:33:45.026298+00:00,nobitex,17932999996.0,2.9e-05,buy
2026-09-12T18:33:46.699172+00:00,bitpin,17975452640.0,0.00033018,buy
2026-09-12T18:33:46.699219+00:00,bitpin,17975452640.0,0.00467462,sell
2026-09-12T18:33:46.699234+00:00,bitpin,17975452640.0,0.00976224,sell
2026-09-12T18:33:46.699248+00:00,bitpin,17975452644.0,0.00098131,sell
2026-09-12T18:34:03.186064+00:00,nobitex,17932999995.0,0.001875,buy
2026-09-12T18:34:04.457537+00:00,bitpin,17975452639.0,0.00059248,sell
2026-09-12T18:34:20.488281+00:00,nobitex,17932999998.0,0.000828,buy
2026-09-12T18:34:20.488311+00:00,nobitex,17932999995.0,0.000181,buy
2026-09-12T18:34:21.923269+00:00,bitpin,17981290330.0,0.00027807,buy
2026-09-12T18:34:21.923284+00:00,bitpin,17981290330.0,0.00610961,buy
2026-09-12T18:34:46.653360+00:00,nobitex,17930000000.0,0.000544,sell
2026-09-12T18:34:46.653394+00:00,nobitex,17930000000.0,2.7e-05,sell
2026-09-12T18:34:46.653408+00:00,nobitex,17932999998.0,0.000385,sell
2026-09-12T18:35:01.443111+00:00,wallex,17947245384.0,0.00027859,buy
2026-09-12T18:35:01.443161+00:00,wallex,17947245453.0,0.00033564,buy
2026-09-12T18:35:01.443177+00:00,wallex,17947245544.0,0.00038315,buy
2026-09-12T18:35:01.443191+00:00,wallex,17947245780.0,0.000899,buy
2026-09-12T18:35:01.443204+00:00,wallex,17947245780.0,0.00050019,buy
2026-09-12T18:35:01.443217+00:00,wallex,17947245790.0,0.004211,buy
2026-09-12T18:35:01.443229+00:00,wallex,17947245791.0,0.0005442,buy
2026-09-12T18:35:02.306678+00:00,nobitex,17930000000.0,0.00085,sell
2026-09-12T18:35:18.466730+00:00,nobitex,17914034158.0,2.3e-05,sell
2026-09-12T18:35:18.466772+00:00,nobitex,17930000000.0,9e-06,buy
2026-09-12T18:35:18.466788+00:00,nobitex,17930000000.0,0.001262,buy
2026-09-12T18:35:34.205421+00:00,nobitex,17914034158.0,0.000144,buy
2026-09-12T18:35:34.205475+00:00,nobitex,17890000003.0,0.000739,sell
2026-09-12T18:35:34.205495+00:00,nobitex,17890000003.0,0.000932,sell
2026-09-12T18:35:34.205515+00:00,nobitex,17890000003.0,0.00088,sell
2026-09-12T18:35:34.205536+00:00,nobitex,17900000000.0,4.1e-05,sell
2026-09-12T18:35:34.205557+00:00,nobitex,17900000003.0,0.001891,sell
2026-09-12T18:35:34.205575+00:00,nobitex,17914000000.0,0.001129,sell
2026-09-12T18:35:34.205594+00:00,nobitex,17914034158.0,1.4e-05,sell
2026-09-12T18:35:35.035469+00:00,bitpin,17985489880.0,0.00945602,sell
2026-09-12T18:35:35.035499+00:00,bitpin,17985489880.0,0.00182731,sell
2026-09-12T18:35:53.673542+00:00,bitpin,17985489880.0,0.00106051,sell
2026-09-12T18:36:10.381454+00:00,nobitex,17914034154.0,3.6e-05,buy
2026-09-12T18:36:10.381497+00:00,nobitex,17915000000.0,0.006876,sell
2026-09-12T18:36:28.490832+00:00,nobitex,17890000001.0,1e-06,sell
2026-09-12T18:36:28.490879+00:00,nobitex,17914034151.0,8.9e-05,buy
2026-09-12T18:36:28.490902+00:00,nobitex,17914034150.0,0.00088,buy
2026-09-12T18:36:28.490922+00:00,nobitex,17914034151.0,0.001073,buy
2026-09-12T18:36:28.490940+00:00,nobitex,17914034150.0,0.00088,buy
2026-09-12T18:36:45.895559+00:00,wallex,17937076335.0,0.00012793,sell
2026-09-12T18:36:47.210308+00:00,nobitex,17914034148.0,1.3e-05,buy
2026-09-12T18:36:47.210354+00:00,nobitex,17914034148.0,0.002272,buy
2026-09-12T18:36:47.210375+00:00,nobitex,17900000000.0,0.000481,buy
2026-09-12T18:37:03.490374+00:00,wallex,17933245577.0,0.00346708,buy
2026-09-12T18:37:03.490411+00:00,wallex,17933245580.0,0.00063803,buy
2026-09-12T18:37:25.523828+00:00,bitpin,17974888835.0,0.00027801,buy
2026-09-12T18:37:42.111336+00:00,wallex,17933245577.0,0.0129765,sell
2026-09-12T18:37:43.191542+00:00,nobitex,17890000002.0,0.000325,sell
2026-09-12T18:37:43.191573+00:00,nobitex,17890000002.0,0.001612,sell
2026-09-12T18:37:43.191586+00:00,nobitex,17900000000.0,0.0002,sell
2026-09-12T18:37:44.573188+00:00,bitpin,17954105303.0,0.001017,sell
2026-09-12T18:37:58.496189+00:00,wallex,17933245577.0,0.01297691,sell
2026-09-12T18:37:59.659419+00:00,nobitex,17890000003.0,0.000116,buy
2026-09-12T18:37:59.659469+00:00,nobitex,17890000003.0,0.000665,sell
2026-09-12T18:37:59.659487+00:00,nobitex,17900000000.0,0.000836,sell
2026-09-12T18:38:16.833222+00:00,wallex,17925256307.0,0.000599,sell
2026-09-12T18:38:16.833286+00:00,wallex,17925256307.0,0.000599,sell
2026-09-12T18:38:16.833305+00:00,wallex,17925256307.0,0.00180013,sell
2026-09-12T18:38:16.833323+00:00,wallex,17925256302.0,7.106e-05,buy
2026-09-12T18:38:16.833340+00:00,wallex,17925256303.0,0.00042922,buy
2026-09-12T18:38:16.833357+00:00,wallex,17933245577.0,0.02448255,sell
2026-09-12T18:38:18.464116+00:00,nobitex,17890000001.0,0.000136,sell
2026-09-12T18:38:18.464156+00:00,nobitex,17890000002.0,0.001886,sell
2026-09-12T18:38:18.464177+00:00,nobitex,17890000003.0,3e-06,buy
2026-09-12T18:38:35.672959+00:00,wallex,17925256307.0,0.00072293,sell
2026-09-12T18:38:35.672995+00:00,wallex,17925256307.0,0.00278936,sell
2026-09-12T18:38:35.673007+00:00,wallex,17925256307.0,0.000599,sell
2026-09-12T18:38:37.510676+00:00,nobitex,17890000001.0,0.000519,buy
2026-09-12T18:38:55.578773+00:00,nobitex,17908000000.0,0.000167,buy
2026-09-12T18:38:55.578814+00:00,nobitex,17890000003.0,0.001498,buy
2026-09-12T18:38:55.578832+00:00,nobitex,17890000003.0,0.002937,buy
2026-09-12T18:38:55.578848+00:00,nobitex,17890000002.0,0.003064,buy
2026-09-12T18:38:55.578864+00:00,nobitex,17890000002.0,0.000259,buy
2026-09-12T18:38:55.578878+00:00,nobitex,17890000002.0,0.002226,buy
2026-09-12T18:38:55.578892+00:00,nobitex,17890000001.0,0.000457,buy
2026-09-12T18:38:55.578905+00:00,nobitex,17890000001.0,0.000139,buy
2026-09-12T18:39:14.215421+00:00,bitpin,17954105303.0,2.808e-05,buy
2026-09-12T18:39:31.011907+00:00,nobitex,17908000000.0,2.2e-05,buy
2026-09-12T18:39:31.011956+00:00,nobitex,17891502414.0,0.000104,sell
2026-09-12T18:39:31.011975+00:00,nobitex,17891502415.0,0.000132,sell
2026-09-12T18:39:49.363624+00:00,nobitex,17890000002.0,0.001236,sell
2026-09-12T18:39:49.363744+00:00,nobitex,17890000003.0,1e-06,sell
2026-09-12T18:40:04.552659+00:00,wallex,17933245576.0,0.00141722,sell
2026-09-12T18:40:05.341429+00:00,nobitex,17890000004.0,1e-06,sell
2026-09-12T18:40:21.576311+00:00,nobitex,17908000000.0,0.000112,buy
2026-09-12T18:40:36.392297+00:00,nobitex,17908000000.0,5e-05,buy
2026-09-12T18:40:36.392343+00:00,nobitex,17908000000.0,0.000122,buy
2026-09-12T18:40:37.619104+00:00,bitpin,17954105303.0,3.04e-05,buy
2026-09-12T18:40:37.619142+00:00,bitpin,17954105303.0,0.0022279,buy
2026-09-12T18:40:37.619149+00:00,bitpin,17954105303.0,0.00038367,buy
2026-09-12T18:40:53.662506+00:00,wallex,17929612642.0,0.000599,sell
2026-09-12T18:40:53.662577+00:00,wallex,17929612642.0,6.5e-06,sell
2026-09-12T18:41:13.558570+00:00,nobitex,17908000000.0,0.000837,buy
2026-09-12T18:41:31.073517+00:00,wallex,17929612643.0,0.00278868,sell
2026-09-12T18:41:31.073560+00:00,wallex,17929612643.0,0.00278868,sell
2026-09-12T18:41:31.073580+00:00,wallex,17929612643.0,0.00052298,buy
2026-09-12T18:41:31.073596+00:00,wallex,17929612643.0,0.00027886,buy
2026-09-12T18:41:31.073611+00:00,wallex,17929612642.0,0.00059244,buy
2026-09-12T18:41:31.073624+00:00,wallex,17929612643.0,0.00052298,buy
2026-09-12T18:41:31.073638+00:00,wallex,17929612642.0,0.00012693,sell
2026-09-12T18:41:31.073652+00:00,wallex,17929612642.0,0.00061351,sell
2026-09-12T18:41:32.290128+00:00,nobitex,17906847132.0,1e-06,sell
2026-09-12T18:41:32.290184+00:00,nobitex,17898098440.0,0.000291,buy
2026-09-12T18:41:32.290206+00:00,nobitex,17898098440.0,0.0005,buy
2026-09-12T18:41:32.290224+00:00,nobitex,17898098440.0,0.000237,sell
2026-09-12T18:41:32.290241+00:00,nobitex,17908000000.0,4.4e-05,buy
2026-09-12T18:41:32.290256+00:00,nobitex,17890622587.0,0.002505,sell
2026-09-12T18:41:32.290271+00:00,nobitex,17890622587.0,0.00031,sell
2026-09-12T18:41:34.046574+00:00,bitpin,17959213791.0,0.00019488,sell
2026-09-12T18:41:49.981355+00:00,wallex,17933245577.0,0.00010204,sell
2026-09-12T18:41:49.981408+00:00,wallex,17929612643.0,7e-08,sell
2026-09-12T18:41:49.981429+00:00,wallex,17929612643.0,0.02694966,sell
2026-09-12T18:42:10.401131+00:00,nobitex,17908000000.0,0.000362,buy
2026-09-12T18:42:11.828160+00:00,bitpin,17954105307.0,0.00016709,sell
2026-09-12T18:42:47.368135+00:00,nobitex,17890959443.0,0.000464,sell
2026-09-12T18:43:05.381574+00:00,wallex,17947245384.0,0.00015701,sell
2026-09-12T18:43:06.770529+00:00,nobitex,17908000000.0,9.2e-05,buy
2026-09-12T18:43:06.770577+00:00,nobitex,17906847132.0,0.000157,buy
2026-09-12T18:43:06.770595+00:00,nobitex,17906847132.0,0.00057,buy
2026-09-12T18:43:06.770611+00:00,nobitex,17906847132.0,0.000167,buy
2026-09-12T18:43:06.770627+00:00,nobitex,17906847132.0,1.2e-05,buy
2026-09-12T18:43:24.224472+00:00,wallex,17947245384.0,7.211e-05,sell
2026-09-12T18:43:43.168317+00:00,nobitex,17890959445.0,0.000347,buy
2026-09-12T18:43:43.168341+00:00,nobitex,17890959445.0,0.000521,buy
2026-09-12T18:43:43.168368+00:00,nobitex,17890959445.0,0.00065,sell
2026-09-12T18:43:59.857373+00:00,wallex,17947245384.0,4.738e-05,sell
2026-09-12T18:44:01.189142+00:00,nobitex,17890666313.0,0.00105,sell
2026-09-12T18:44:01.189183+00:00,nobitex,17890666314.0,0.00096,sell
2026-09-12T18:44:01.189204+00:00,nobitex,17890959444.0,2.9e-05,sell
2026-09-12T18:44:19.986673+00:00,nobitex,17893626571.0,0.004148,sell
2026-09-12T18:44:35.580357+00:00,wallex,17947245386.0,3.9e-06,buy
2026-09-12T18:44:35.580397+00:00,wallex,17947245384.0,0.0001,sell
2026-09-12T18:44:35.580414+00:00,wallex,17947245384.0,0.00100293,sell
2026-09-12T18:44:35.580456+00:00,wallex,17947245384.0,3e-06,sell
2026-09-12T18:44:35.580471+00:00,wallex,17947245384.0,0.00020585,sell
2026-09-12T18:44:36.683869+00:00,nobitex,17893000000.0,3e-05,sell
2026-09-12T18:44:36.683915+00:00,nobitex,17893000001.0,7e-06,sell
2026-09-12T18:44:36.683935+00:00,nobitex,17893626554.0,0.001039,sell
2026-09-12T18:44:36.683953+00:00,nobitex,17906995922.0,4e-06,sell
2026-09-12T18:45:15.412935+00:00,nobitex,17893626554.0,9.8e-05,buy
2026-09-12T18:45:15.412970+00:00,nobitex,17893000000.0,6e-06,buy
2026-09-12T18:45:15.412983+00:00,nobitex,17893000000.0,5e-05,sell
2026-09-12T18:45:15.412995+00:00,nobitex,17893000001.0,2.7e-05,sell
2026-09-12T18:45:17.169415+00:00,bitpin,17954105309.0,0.001074,sell
2026-09-12T18:45:32.488152+00:00,wallex,17947245384.0,5.571e-05,sell
2026-09-12T18:45:32.488221+00:00,wallex,17947245384.0,0.00052701,buy
2026-09-12T18:45:32.488241+00:00,wallex,17947245385.0,0.00041543,buy
2026-09-12T18:45:33.963666+00:00,nobitex,17890667314.0,2.7e-05,sell
2026-09-12T18:45:33.963714+00:00,nobitex,17890666313.0,6.3e-05,sell
2026-09-12T18:45:33.963735+00:00,nobitex,17908000000.0,4.6e-05,buy
2026-09-12T18:45:51.885010+00:00,wallex,17943192358.0,0.00031766,sell
2026-09-12T18:45:51.885064+00:00,wallex,17943192358.0,0.0010506,sell
2026-09-12T18:45:51.885078+00:00,wallex,17943192358.0,0.000599,sell
2026-09-12T18:45:53.257476+00:00,nobitex,17890667314.0,0.001024,sell
2026-09-12T18:46:12.238942+00:00,nobitex,17890667314.0,0.005037,sell
2026-09-12T18:46:12.238993+00:00,nobitex,17890667315.0,0.000444,sell
2026-09-12T18:46:12.239016+00:00,nobitex,17890667314.0,0.000215,buy
2026-09-12T18:46:12.239035+00:00,nobitex,17890667314.0,0.000388,buy
2026-09-12T18:46:12.239054+00:00,nobitex,17890667313.0,5.2e-05,sell
2026-09-12T18:46:30.996409+00:00,nobitex,17890667314.0,5.5e-05,sell
2026-09-12T18:46:32.533723+00:00,bitpin,17974476803.0,8.15e-06,buy
2026-09-12T18:46:49.945028+00:00,nobitex,17890668313.0,6.7e-05,sell
2026-09-12T18:46:51.271286+00:00,bitpin,17954105303.0,0.00042968,sell
2026-09-12T18:46:51.271332+00:00,bitpin,17954105307.0,0.00026369,sell
2026-09-12T18:46:51.271341+00:00,bitpin,17954105311.0,0.00064702,sell
2026-09-12T18:46:51.271349+00:00,bitpin,17954105307.0,0.00044898,sell
2026-09-12T18:47:06.410975+00:00,wallex,17943301899.0,0.00220606,buy
2026-09-12T18:47:07.582896+00:00,nobitex,17890668314.0,0.000113,buy
2026-09-12T18:47:09.048597+00:00,bitpin,17954105309.0,0.00029255,sell
2026-09-12T18:47:09.048637+00:00,bitpin,17954105303.0,0.00107145,sell
2026-09-12T18:47:25.880830+00:00,nobitex,17908000000.0,0.004035,buy
2026-09-12T18:47:42.779045+00:00,wallex,17943301899.0,7e-06,buy
2026-09-12T18:47:44.074013+00:00,nobitex,17908000000.0,2.7e-05,buy
2026-09-12T18:47:45.543439+00:00,bitpin,17971800206.0,0.00027821,buy
2026-09-12T18:48:21.178375+00:00,nobitex,17890681313.0,8e-05,sell
2026-09-12T18:48:21.178430+00:00,nobitex,17908000000.0,0.002301,buy
2026-09-12T18:48:39.813606+00:00,nobitex,17890681314.0,6.6e-05,sell
2026-09-12T18:48:39.813660+00:00,nobitex,17907999999.0,0.000772,sell
2026-09-12T18:48:39.813682+00:00,nobitex,17908000000.0,0.000329,buy
2026-09-12T18:48:58.758518+00:00,nobitex,17908000000.0,0.001488,buy
2026-09-12T18:48:58.758565+00:00,nobitex,17908000000.0,0.000416,buy
2026-09-12T18:48:58.758584+00:00,nobitex,17908000000.0,0.001,buy
2026-09-12T18:48:58.758600+00:00,nobitex,17908000000.0,0.000958,buy
2026-09-12T18:49:17.701213+00:00,nobitex,17909999994.0,5.5e-05,buy
2026-09-12T18:49:19.367845+00:00,bitpin,17971800206.0,8.371e-05,sell
2026-09-12T18:49:19.367888+00:00,bitpin,17980000000.0,8.089e-05,buy
2026-09-12T18:49:35.245243+00:00,wallex,17927650536.0,0.0007,buy
2026-09-12T18:49:55.005836+00:00,nobitex,17908000000.0,0.001748,buy
2026-09-12T18:49:55.005878+00:00,nobitex,17890900313.0,0.000142,sell
2026-09-12T18:49:55.005897+00:00,nobitex,17908000000.0,0.000478,sell
2026-09-12T18:50:14.527715+00:00,nobitex,17908000000.0,0.000534,buy
2026-09-12T18:50:14.527765+00:00,nobitex,17908000000.0,4.1e-05,buy
2026-09-12T18:50:32.877043+00:00,nobitex,17908000000.0,0.000778,sell
2026-09-12T18:50:34.222433+00:00,bitpin,17971800206.0,0.00104929,buy
2026-09-12T18:50:50.371196+00:00,wallex,17927651537.0,2.22e-06,buy
2026-09-12T18:50:50.371234+00:00,wallex,17927651542.0,0.00452348,buy
2026-09-12T18:50:50.371249+00:00,wallex,17927650536.0,0.00038554,sell
2026-09-12T18:50:50.371261+00:00,wallex,17927650536.0,0.00011446,buy
2026-09-12T18:50:51.621411+00:00,nobitex,17907999999.0,5.6e-05,buy
2026-09-12T18:50:51.621463+00:00,nobitex,17907999999.0,0.000111,buy
2026-09-12T18:51:10.032128+00:00,nobitex,17907999999.0,0.000139,buy
2026-09-12T18:51:10.032165+00:00,nobitex,17907999999.0,0.000409,buy
2026-09-12T18:51:10.032180+00:00,nobitex,17907999998.0,3.7e-05,sell
2026-09-12T18:51:29.697253+00:00,nobitex,17907999998.0,0.00032,buy
2026-09-12T18:51:29.697305+00:00,nobitex,17907999998.0,0.00019,sell
2026-09-12T18:51:29.697323+00:00,nobitex,17907999998.0,0.00034,sell
2026-09-12T18:52:06.863564+00:00,nobitex,17907999997.0,0.000306,sell
2026-09-12T18:52:06.863615+00:00,nobitex,17891000001.0,6.1e-05,sell
2026-09-12T18:52:25.710203+00:00,nobitex,17907999997.0,0.000112,buy
2026-09-12T18:52:25.710256+00:00,nobitex,17907999997.0,0.000288,sell
2026-09-12T18:52:25.710281+00:00,nobitex,17907999997.0,3e-06,sell
2026-09-12T18:52:44.032675+00:00,nobitex,17907999996.0,0.000633,sell
2026-09-12T18:53:01.323518+00:00,wallex,17927651037.0,8.287e-05,buy
2026-09-12T18:53:01.323630+00:00,wallex,17927651038.0,0.00013113,buy
2026-09-12T18:53:01.323657+00:00,wallex,17927651537.0,0.00110388,sell
2026-09-12T18:53:20.329710+00:00,nobitex,17907999996.0,0.001731,buy
2026-09-12T18:53:20.329761+00:00,nobitex,17891000001.0,0.001072,sell
2026-09-12T18:53:20.329781+00:00,nobitex,17891000001.0,0.000413,sell
2026-09-12T18:53:36.972868+00:00,wallex,17927651537.0,0.00021085,sell
2026-09-12T18:53:36.972906+00:00,wallex,17927651288.0,0.00106056,sell
2026-09-12T18:53:56.231458+00:00,nobitex,17907999996.0,6e-06,buy
2026-09-12T18:53:56.231503+00:00,nobitex,17891000002.0,0.001045,buy
2026-09-12T18:53:56.231553+00:00,nobitex,17891000001.0,0.001009,sell
2026-09-12T18:53:56.231572+00:00,nobitex,17891000002.0,0.000326,sell
2026-09-12T18:53:56.231589+00:00,nobitex,17907999996.0,0.000209,buy
2026-09-12T18:53:56.231604+00:00,nobitex,17907999996.0,0.000428,buy
2026-09-12T18:54:14.758398+00:00,nobitex,17891000001.0,5.3e-05,buy
2026-09-12T18:54:14.758438+00:00,nobitex,17891000001.0,0.000363,sell
2026-09-12T18:54:14.758457+00:00,nobitex,17891000002.0,0.000455,sell
2026-09-12T18:54:33.351444+00:00,nobitex,17891000222.0,6e-06,sell
2026-09-12T18:54:34.754804+00:00,bitpin,17963133592.0,0.00037391,sell
2026-09-12T18:54:34.754843+00:00,bitpin,17966084469.0,0.00053415,sell
2026-09-12T18:54:34.754858+00:00,bitpin,17966728772.0,0.00076308,sell
2026-09-12T18:54:34.754873+00:00,bitpin,17954105303.0,2.088e-05,sell
2026-09-12T18:54:34.754886+00:00,bitpin,17964931182.0,0.00053415,sell
2026-09-12T18:54:34.754898+00:00,bitpin,17954105303.0,0.00036,sell
2026-09-12T18:54:34.754911+00:00,bitpin,17950000050.0,8.03e-06,sell
2026-09-12T18:54:34.754924+00:00,bitpin,17971800206.0,5.586e-05,sell
2026-09-12T18:54:34.754936+00:00,bitpin,17971800206.0,2.086e-05,sell
2026-09-12T18:54:34.754948+00:00,bitpin,17967882059.0,0.00076308,sell
2026-09-12T18:55:27.032430+00:00,wallex,17935136960.0,0.00143205,buy
2026-09-12T18:55:27.032469+00:00,wallex,17935136961.0,0.00014167,buy
2026-09-12T18:55:49.066296+00:00,bitpin,17972991748.0,0.0018137,buy
2026-09-12T18:55:49.066347+00:00,bitpin,17972828017.0,0.00096826,buy
2026-09-12T18:56:06.270416+00:00,nobitex,17891000222.0,0.00433,sell
2026-09-12T18:56:06.270466+00:00,nobitex,17891000222.0,1e-06,sell
2026-09-12T18:56:06.270487+00:00,nobitex,17907208521.0,0.000706,sell
2026-09-12T18:56:07.885827+00:00,bitpin,17963133592.0,0.00022703,sell
2026-09-12T18:56:07.885892+00:00,bitpin,17972861513.0,0.0002782,buy
2026-09-12T18:56:23.652081+00:00,wallex,17927651538.0,0.00099009,sell
2026-09-12T18:56:24.357377+00:00,nobitex,17907999996.0,0.004443,buy
2026-09-12T18:56:24.357393+00:00,nobitex,17907999996.0,0.000388,buy
2026-09-12T18:56:24.357398+00:00,nobitex,17907999996.0,1e-05,buy
2026-09-12T18:56:44.158800+00:00,bitpin,17950000051.0,0.00100912,sell
2026-09-12T18:56:44.158851+00:00,bitpin,17950000052.0,6.085e-05,sell
2026-09-12T18:57:01.263046+00:00,nobitex,17907208521.0,1e-06,sell
2026-09-12T18:57:02.998113+00:00,bitpin,17950000051.0,8.972e-05,sell
2026-09-12T18:57:20.190516+00:00,nobitex,17891000222.0,0.0002,sell
2026-09-12T18:57:20.190640+00:00,nobitex,17891000226.0,0.0018,sell
2026-09-12T18:57:20.190667+00:00,nobitex,17891000227.0,0.0015,sell
2026-09-12T18:57:20.190685+00:00,nobitex,17907208523.0,0.0001,sell
2026-09-12T18:57:38.375566+00:00,nobitex,17907999992.0,0.000442,sell
2026-09-12T18:57:38.375619+00:00,nobitex,17907999993.0,0.000853,sell
2026-09-12T18:57:38.375638+00:00,nobitex,17907999992.0,0.000558,buy
2026-09-12T18:57:57.335212+00:00,nobitex,17896233632.0,1.5e-05,sell
2026-09-12T18:57:57.335263+00:00,nobitex,17896233632.0,1e-06,sell
2026-09-12T18:57:57.335284+00:00,nobitex,17907208521.0,5.3e-05,buy
2026-09-12T18:57:58.805820+00:00,bitpin,17950000051.0,0.0009363,sell
2026-09-12T18:58:15.781078+00:00,nobitex,17907208520.0,7e-06,sell
2026-09-12T18:58:15.781119+00:00,nobitex,17896233632.0,0.000704,sell
2026-09-12T18:58:33.787496+00:00,nobitex,17907208521.0,0.009969,buy
2026-09-12T18:58:33.787546+00:00,nobitex,17907208521.0,0.002737,buy
2026-09-12T18:58:52.055385+00:00,nobitex,17907208521.0,1.6e-05,sell
2026-09-12T18:58:52.055424+00:00,nobitex,17907999996.0,0.000706,buy
2026-09-12T18:59:09.561636+00:00,wallex,17929967764.0,0.00050074,buy
2026-09-12T18:59:10.752491+00:00,nobitex,17907208521.0,8.3e-05,sell
2026-09-12T18:59:10.752527+00:00,nobitex,17907208521.0,0.000153,sell
2026-09-12T18:59:10.752540+00:00,nobitex,17907208521.0,0.000222,sell
2026-09-12T18:59:29.351957+00:00,nobitex,17907999995.0,5.5e-05,sell
2026-09-12T18:59:29.352005+00:00,nobitex,17907999996.0,0.001039,buy
2026-09-12T18:59:30.942343+00:00,bitpin,17971806358.0,0.0005664,buy
2026-09-12T18:59:46.834510+00:00,wallex,17927654867.0,2.304e-05,buy
2026-09-12T18:59:46.834546+00:00,wallex,17927654868.0,0.00019199,buy
2026-09-12T18:59:46.834561+00:00,wallex,17943301899.0,0.00029007,sell
2026-09-12T18:59:46.834574+00:00,wallex,17943192358.0,0.0001,sell
2026-09-12T18:59:48.129838+00:00,nobitex,17907999995.0,0.00086,sell
2026-09-12T19:00:02.404825+00:00,nobitex,17907999995.0,5e-06,buy
2026-09-12T19:00:02.404876+00:00,nobitex,17907208522.0,4.4e-05,sell
2026-09-12T19:00:20.113418+00:00,wallex,17927654868.0,6.198e-05,buy
2026-09-12T19:00:20.113456+00:00,wallex,17932281734.0,0.00025961,buy
2026-09-12T19:00:20.113469+00:00,wallex,17931765618.0,0.00043884,buy
2026-09-12T19:00:20.113481+00:00,wallex,17931765619.0,0.00019574,buy
2026-09-12T19:00:21.312912+00:00,nobitex,17907999995.0,0.003985,buy
2026-09-12T19:00:22.723554+00:00,bitpin,17951000052.0,0.00985038,sell
2026-09-12T19:00:22.723604+00:00,bitpin,17951000053.0,3.002e-05,sell
2026-09-12T19:00:36.871403+00:00,bitpin,17951000052.0,0.00084,sell
2026-09-12T19:00:52.941804+00:00,wallex,17947245344.0,3.78e-06,sell
2026-09-12T19:00:55.753763+00:00,bitpin,17951000052.0,0.00088722,buy
2026-09-12T19:00:55.753804+00:00,bitpin,17951000052.0,0.00027854,buy
2026-09-12T19:00:55.753823+00:00,bitpin,17951000052.0,0.00929437,buy
2026-09-12T19:00:55.753839+00:00,bitpin,17951000052.0,0.00473072,sell
2026-09-12T19:01:11.474128+00:00,wallex,17927654869.0,4.52e-06,buy
2026-09-12T19:01:12.719072+00:00,nobitex,17907999994.0,0.00095,buy
2026-09-12T19:01:31.894592+00:00,nobitex,17907999994.0,0.00095,sell
2026-09-12T19:01:49.303321+00:00,wallex,17927651037.0,9.926e-05,buy
2026-09-12T19:01:49.303365+00:00,wallex,17927651537.0,0.00123883,buy
2026-09-12T19:01:49.303384+00:00,wallex,17927651539.0,2.787e-05,buy
2026-09-12T19:01:49.303401+00:00,wallex,17927654867.0,3.367e-05,buy
2026-09-12T19:01:49.303417+00:00,wallex,17927654868.0,0.00165407,buy
2026-09-12T19:01:50.535537+00:00,nobitex,17907999994.0,0.006588,sell
2026-09-12T19:01:50.535588+00:00,nobitex,17907999995.0,0.000181,buy
2026-09-12T19:01:50.535608+00:00,nobitex,17907999995.0,0.001206,buy
2026-09-12T19:01:50.535625+00:00,nobitex,17907999995.0,0.001586,buy
2026-09-12T19:01:50.535643+00:00,nobitex,17907999995.0,6e-06,buy
2026-09-12T19:01:50.535660+00:00,nobitex,17907999995.0,0.001389,buy
2026-09-12T19:01:52.580265+00:00,bitpin,17951000051.0,0.00384109,buy
2026-09-12T19:01:52.580311+00:00,bitpin,17951000051.0,0.00135111,sell
2026-09-12T19:01:52.580326+00:00,bitpin,17951000055.0,0.00999864,sell
2026-09-12T19:02:09.866097+00:00,nobitex,17907999994.0,0.001513,sell
2026-09-12T19:02:09.866140+00:00,nobitex,17907999995.0,0.000425,buy
2026-09-12T19:02:25.462625+00:00,nobitex,17907999995.0,0.000607,buy
2026-09-12T19:02:25.462690+00:00,nobitex,17907999995.0,0.001991,buy
2026-09-12T19:02:41.534153+00:00,wallex,17937651037.0,3.276e-05,sell
2026-09-12T19:02:42.266020+00:00,nobitex,17907999994.0,0.001033,sell
2026-09-12T19:02:42.266076+00:00,nobitex,17907999995.0,0.000259,buy
2026-09-12T19:02:43.573554+00:00,bitpin,17957885336.0,0.00126,sell
2026-09-12T19:02:43.573611+00:00,bitpin,17951000062.0,0.00013625,sell
2026-09-12T19:02:59.564482+00:00,wallex,17900000003.0,0.00039567,buy
2026-09-12T19:02:59.564519+00:00,wallex,17900589000.0,0.0005,buy
2026-09-12T19:02:59.564532+00:00,wallex,17900590000.0,0.00012086,buy
2026-09-12T19:02:59.564545+00:00,wallex,17925476719.0,3.168e-05,buy
2026-09-12T19:02:59.564556+00:00,wallex,17926045867.0,0.000599,buy
2026-09-12T19:02:59.564567+00:00,wallex,17927651037.0,1.283e-05,buy
2026-09-12T19:02:59.564577+00:00,wallex,17927651038.0,0.00023137,buy
2026-09-12T19:02:59.564588+00:00,wallex,17937651037.0,0.00022298,sell
2026-09-12T19:03:00.990509+00:00,nobitex,17907999994.0,0.001227,sell
2026-09-12T19:03:00.990557+00:00,nobitex,17907999994.0,0.001062,sell
2026-09-12T19:03:00.990577+00:00,nobitex,17907999994.0,0.000194,sell
2026-09-12T19:03:00.990595+00:00,nobitex,17907999995.0,0.007106,buy
2026-09-12T19:03:20.665713+00:00,nobitex,17907208522.0,0.001018,sell
2026-09-12T19:03:20.665773+00:00,nobitex,17907999995.0,0.00285,buy
2026-09-12T19:03:20.665796+00:00,nobitex,17907999995.0,0.000568,buy
2026-09-12T19:03:20.665814+00:00,nobitex,17907999994.0,0.000322,buy
2026-09-12T19:03:20.665831+00:00,nobitex,17907208521.0,0.000159,sell
2026-09-12T19:03:20.665847+00:00,nobitex,17907999994.0,0.001573,sell
2026-09-12T19:03:38.253450+00:00,wallex,17925936383.0,0.00012399,buy
2026-09-12T19:03:38.253533+00:00,wallex,17925936385.0,3.97e-06,buy
2026-09-12T19:03:39.790322+00:00,nobitex,17907208000.0,0.000279,sell
2026-09-12T19:03:39.790379+00:00,nobitex,17907208000.0,0.000125,sell
2026-09-12T19:03:39.790400+00:00,nobitex,17907208521.0,0.002558,sell
2026-09-12T19:03:39.790418+00:00,nobitex,17907208522.0,0.000167,sell
2026-09-12T19:03:41.325807+00:00,bitpin,17957885336.0,1.5e-05,buy
2026-09-12T19:03:57.306512+00:00,wallex,17929304465.0,0.00024113,buy
2026-09-12T19:03:58.429259+00:00,nobitex,17907208000.0,0.000445,sell
2026-09-12T19:03:58.429305+00:00,nobitex,17907208001.0,0.000331,sell
2026-09-12T19:04:15.643367+00:00,wallex,17929304465.0,4.27e-06,buy
2026-09-12T19:04:35.804511+00:00,nobitex,17907999994.0,0.000117,sell
2026-09-12T19:04:35.804547+00:00,nobitex,17907999995.0,0.000577,buy
2026-09-12T19:04:35.804565+00:00,nobitex,17907208000.0,6e-06,sell
2026-09-12T19:04:35.804579+00:00,nobitex,17907999995.0,1.3e-05,buy
2026-09-12T19:04:35.804593+00:00,nobitex,17907999994.0,3.1e-05,buy
2026-09-12T19:04:35.804605+00:00,nobitex,17907208522.0,1.1e-05,buy
2026-09-12T19:04:54.502744+00:00,nobitex,17907208000.0,0.000107,sell
2026-09-12T19:04:54.502794+00:00,nobitex,17907208001.0,0.000561,sell
2026-09-12T19:04:54.502816+00:00,nobitex,17908000000.0,4.2e-05,buy
2026-09-12T19:04:54.502834+00:00,nobitex,17908000000.0,0.000111,buy
2026-09-12T19:04:54.502852+00:00,nobitex,17907999998.0,0.004369,buy
2026-09-12T19:04:54.502869+00:00,nobitex,17907999997.0,0.00093,buy
2026-09-12T19:04:54.502886+00:00,nobitex,17907999995.0,0.001025,buy
2026-09-12T19:04:54.502902+00:00,nobitex,17907999995.0,0.00669,buy
2026-09-12T19:04:54.502918+00:00,nobitex,17907999995.0,0.005532,buy
2026-09-12T19:04:54.502935+00:00,nobitex,17907208000.0,0.001106,sell
2026-09-12T19:04:54.502952+00:00,nobitex,17907999994.0,0.000399,sell
2026-09-12T19:04:56.588612+00:00,bitpin,17975221737.0,0.0004116,buy
2026-09-12T19:04:56.588662+00:00,bitpin,17979999995.0,4.301e-05,buy
2026-09-12T19:05:12.780408+00:00,nobitex,17907208000.0,5.7e-05,sell
2026-09-12T19:05:12.780443+00:00,nobitex,17909999994.0,0.000106,buy
2026-09-12T19:05:12.780457+00:00,nobitex,17908000000.0,1e-06,buy
2026-09-12T19:05:50.277746+00:00,nobitex,17907208000.0,0.000893,sell
2026-09-12T19:05:50.277784+00:00,nobitex,17909999993.0,0.000215,sell
2026-09-12T19:05:50.277798+00:00,nobitex,17909999993.0,5.2e-05,sell
2026-09-12T19:06:10.331841+00:00,bitpin,17961971267.0,0.00093636,sell
2026-09-12T19:06:25.780788+00:00,wallex,17929304465.0,8.123e-05,sell
2026-09-12T19:06:25.780823+00:00,wallex,17929304465.0,0.00051777,sell
2026-09-12T19:06:27.109603+00:00,nobitex,17907208000.0,0.001387,sell
2026-09-12T19:06:27.109650+00:00,nobitex,17907208000.0,0.004312,sell
2026-09-12T19:06:27.109773+00:00,nobitex,17907208001.0,0.000502,sell
2026-09-12T19:06:27.109794+00:00,nobitex,17909999993.0,0.000266,sell
2026-09-12T19:06:44.925941+00:00,wallex,17937651037.0,0.0002189,sell
2026-09-12T19:06:44.925978+00:00,wallex,17937651036.0,0.00042202,sell
2026-09-12T19:06:44.925991+00:00,wallex,17929304465.0,0.00017698,sell
2026-09-12T19:06:46.261775+00:00,nobitex,17907208000.0,0.000748,sell
2026-09-12T19:07:04.690224+00:00,nobitex,17909999994.0,0.000393,buy
2026-09-12T19:07:04.690279+00:00,nobitex,17907208001.0,1.9e-05,buy
2026-09-12T19:07:04.690300+00:00,nobitex,17907208000.0,1e-06,sell
2026-09-12T19:07:19.846346+00:00,nobitex,17909999994.0,0.000279,buy
2026-09-12T19:07:40.257725+00:00,bitpin,17967533444.0,0.00408,sell
2026-09-12T19:07:57.430964+00:00,nobitex,17909999993.0,1.1e-05,sell
2026-09-12T19:08:34.598652+00:00,wallex,17937651037.0,0.00247293,sell
2026-09-12T19:08:34.598703+00:00,wallex,17930534664.0,0.0002817,sell
2026-09-12T19:08:34.598719+00:00,wallex,17937651037.0,1.112e-05,sell
2026-09-12T19:08:36.028201+00:00,nobitex,17907208000.0,0.001991,sell
2026-09-12T19:08:36.028247+00:00,nobitex,17907208002.0,0.00044,sell
2026-09-12T19:08:36.028262+00:00,nobitex,17909999993.0,0.000295,sell
2026-09-12T19:08:36.028275+00:00,nobitex,17909999994.0,0.000991,buy
2026-09-12T19:08:36.028288+00:00,nobitex,17909999994.0,0.000104,buy
2026-09-12T19:08:53.418400+00:00,wallex,17937651037.0,1.118e-05,sell
2026-09-12T19:08:54.665682+00:00,nobitex,17909999994.0,3e-06,buy
2026-09-12T19:08:54.665730+00:00,nobitex,17909999994.0,0.00013,buy
2026-09-12T19:08:54.665751+00:00,nobitex,17909999993.0,0.001179,buy
2026-09-12T19:08:54.665769+00:00,nobitex,17907208000.0,0.000921,sell
2026-09-12T19:08:54.665787+00:00,nobitex,17907208001.0,7.9e-05,sell
2026-09-12T19:09:13.301800+00:00,nobitex,17912000000.0,7.5e-05,buy
2026-09-12T19:09:13.301839+00:00,nobitex,17912000000.0,0.000317,buy
2026-09-12T19:09:13.301857+00:00,nobitex,17912000000.0,0.000279,buy
2026-09-12T19:09:13.301874+00:00,nobitex,17912000000.0,2.2e-05,buy
2026-09-12T19:09:13.301891+00:00,nobitex,17909999994.0,1e-06,sell
2026-09-12T19:09:31.447710+00:00,wallex,17947245384.0,4.709e-05,sell
2026-09-12T19:09:31.447747+00:00,wallex,17937651037.0,8.73e-06,sell
2026-09-12T19:09:32.529021+00:00,nobitex,17909999994.0,5.5e-05,sell
2026-09-12T19:09:51.456524+00:00,nobitex,17909999994.0,0.001077,sell
2026-09-12T19:10:05.936347+00:00,nobitex,17921718929.0,0.000111,buy
2026-09-12T19:10:44.605894+00:00,nobitex,17921718929.0,2e-05,buy
2026-09-12T19:11:03.815126+00:00,nobitex,17910000001.0,1.9e-05,buy
2026-09-12T19:11:03.815157+00:00,nobitex,17910000001.0,3e-06,buy
2026-09-12T19:11:03.815170+00:00,nobitex,17910000001.0,0.000373,sell
2026-09-12T19:11:21.813874+00:00,wallex,17947245383.0,1.335e-05,sell
2026-09-12T19:11:23.146054+00:00,nobitex,17910000001.0,1.1e-05,buy
2026-09-12T19:11:24.779551+00:00,bitpin,17953396937.0,0.00046825,sell
2026-09-12T19:11:40.663097+00:00,wallex,17929304465.0,5.577e-05,buy
2026-09-12T19:11:40.663132+00:00,wallex,17929304466.0,0.00019353,buy
2026-09-12T19:11:40.663145+00:00,wallex,17947245384.0,0.00037537,buy
2026-09-12T19:11:40.663157+00:00,wallex,17947245384.0,1.127e-05,sell
2026-09-12T19:11:40.663168+00:00,wallex,17947245384.0,1.589e-05,sell
2026-09-12T19:11:41.987721+00:00,nobitex,17909999994.0,0.000168,sell
2026-09-12T19:11:41.987776+00:00,nobitex,17910000000.0,0.000201,sell
2026-09-12T19:11:41.987798+00:00,nobitex,17910000001.0,2.9e-05,buy
2026-09-12T19:12:00.487250+00:00,nobitex,17910000001.0,0.000558,buy
2026-09-12T19:12:00.487303+00:00,nobitex,17909999994.0,0.001001,sell
2026-09-12T19:12:02.156329+00:00,bitpin,17967533444.0,0.00011176,buy
2026-09-12T19:12:17.616478+00:00,wallex,17935493568.0,1.182e-05,buy
2026-09-12T19:12:19.051020+00:00,nobitex,17910000001.0,6.9e-05,sell
2026-09-12T19:12:19.051063+00:00,nobitex,17910000002.0,0.000404,sell
2026-09-12T19:12:38.202941+00:00,nobitex,17910000001.0,0.000408,sell
2026-09-12T19:12:38.202992+00:00,nobitex,17910000001.0,0.00284,sell
2026-09-12T19:12:38.203012+00:00,nobitex,17910000002.0,0.000278,buy
2026-09-12T19:12:38.203030+00:00,nobitex,17910000002.0,0.001115,buy
2026-09-12T19:12:56.835746+00:00,nobitex,17910000001.0,3e-06,buy
2026-09-12T19:12:56.835791+00:00,nobitex,17910000001.0,0.000279,buy
2026-09-12T19:13:17.520389+00:00,bitpin,17967533444.0,5.565e-05,buy
2026-09-12T19:13:53.461341+00:00,wallex,17941324962.0,0.0067364,buy
2026-09-12T19:13:53.461378+00:00,wallex,17941324964.0,9.37e-05,buy
2026-09-12T19:14:13.869737+00:00,nobitex,17910000001.0,5e-06,buy
2026-09-12T19:14:15.490557+00:00,bitpin,17967533444.0,0.00025379,buy
2026-09-12T19:14:33.492430+00:00,nobitex,17910000002.0,0.000974,buy
2026-09-12T19:14:33.492487+00:00,nobitex,17910000001.0,0.0014,buy
2026-09-12T19:14:33.492507+00:00,nobitex,17910000001.0,0.000664,buy
2026-09-12T19:14:33.492523+00:00,nobitex,17910000001.0,0.000383,buy
2026-09-12T19:14:33.492540+00:00,nobitex,17910000001.0,0.000279,buy
2026-09-12T19:14:33.492557+00:00,nobitex,17909999994.0,0.000453,sell
2026-09-12T19:14:33.492575+00:00,nobitex,17909999995.0,0.000416,sell
2026-09-12T19:15:11.370129+00:00,nobitex,17909999995.0,0.000168,buy
2026-09-12T19:15:11.370178+00:00,nobitex,17909999995.0,0.000115,buy
2026-09-12T19:15:12.923174+00:00,bitpin,17967533444.0,0.00040103,buy
2026-09-12T19:15:28.793794+00:00,wallex,17939079730.0,3e-06,buy
2026-09-12T19:15:30.008367+00:00,nobitex,17907208000.0,9e-06,sell
2026-09-12T19:15:48.654498+00:00,nobitex,17910000000.0,0.006457,sell
2026-09-12T19:15:48.654551+00:00,nobitex,17909999995.0,0.000644,buy
2026-09-12T19:15:48.654571+00:00,nobitex,17907208000.0,0.000157,sell
2026-09-12T19:15:48.654588+00:00,nobitex,17907208000.0,0.000949,sell
2026-09-12T19:15:50.299041+00:00,bitpin,17968533446.0,1.147e-05,sell
2026-09-12T19:15:50.299079+00:00,bitpin,17968533446.0,0.00037112,sell
2026-09-12T19:16:07.192881+00:00,nobitex,17910000002.0,0.000357,buy
2026-09-12T19:16:26.137711+00:00,nobitex,17910000002.0,0.0019,sell
2026-09-12T19:16:26.137759+00:00,nobitex,17910000000.0,1.9e-05,sell
2026-09-12T19:16:44.568714+00:00,nobitex,17910000002.0,1.6e-05,sell
2026-09-12T19:16:44.568758+00:00,nobitex,17910000002.0,1.3e-05,sell
2026-09-12T19:17:21.125894+00:00,wallex,17939079712.0,2.3e-05,sell
2026-09-12T19:17:22.884497+00:00,nobitex,17910000000.0,0.000455,sell
2026-09-12T19:17:22.884546+00:00,nobitex,17910000000.0,0.0004,sell
2026-09-12T19:17:22.884567+00:00,nobitex,17910000002.0,8e-06,sell
2026-09-12T19:17:22.884585+00:00,nobitex,17910000002.0,0.000641,sell
2026-09-12T19:17:41.297443+00:00,nobitex,17910000002.0,1e-06,sell
2026-09-12T19:17:41.297482+00:00,nobitex,17910000002.0,2e-05,buy
2026-09-12T19:18:00.558447+00:00,nobitex,17910000002.0,3.6e-05,sell
2026-09-12T19:18:01.981907+00:00,bitpin,17979072950.0,0.0011127,buy
2026-09-12T19:18:33.725969+00:00,nobitex,17910000000.0,0.004553,sell
2026-09-12T19:18:33.726177+00:00,nobitex,17910000002.0,5.7e-05,buy
2026-09-12T19:18:52.344615+00:00,nobitex,17910000000.0,0.000567,sell
2026-09-12T19:19:09.154104+00:00,wallex,17981370892.0,0.00191546,sell
2026-09-12T19:19:09.154142+00:00,wallex,17981370893.0,0.0001799,sell
2026-09-12T19:19:27.761620+00:00,wallex,17936922329.0,0.00191546,buy
2026-09-12T19:19:27.761656+00:00,wallex,17981370893.0,0.00191546,sell
2026-09-12T19:19:28.876326+00:00,nobitex,17910000000.0,0.000567,sell
2026-09-12T19:19:28.876380+00:00,nobitex,17910000000.0,6e-06,sell
2026-09-12T19:19:28.876401+00:00,nobitex,17910000000.0,5e-06,sell
2026-09-12T19:20:06.293211+00:00,nobitex,17910000000.0,0.000223,sell
2026-09-12T19:20:06.293267+00:00,nobitex,17910000000.0,0.001029,sell
2026-09-12T19:20:06.293288+00:00,nobitex,17910000000.0,0.00612,sell
2026-09-12T19:20:07.938555+00:00,bitpin,17968533444.0,0.00556528,sell
2026-09-12T19:20:07.938595+00:00,bitpin,17972136079.0,0.00092921,sell
2026-09-12T19:20:07.938610+00:00,bitpin,17972136079.0,0.00037002,sell
2026-09-12T19:20:07.938623+00:00,bitpin,17972136079.0,0.00037002,sell
2026-09-12T19:20:24.922860+00:00,nobitex,17910000000.0,0.001679,sell
2026-09-12T19:20:24.922901+00:00,nobitex,17910000000.0,0.000223,sell
2026-09-12T19:20:24.922918+00:00,nobitex,17910000000.0,1e-06,sell
2026-09-12T19:20:24.922932+00:00,nobitex,17910000000.0,0.000333,sell
2026-09-12T19:20:24.922945+00:00,nobitex,17910000002.0,5.2e-05,buy
2026-09-12T19:20:24.922959+00:00,nobitex,17910000002.0,0.00058,buy
2026-09-12T19:20:27.078867+00:00,bitpin,17968533444.0,0.00392768,sell
2026-09-12T19:20:27.078905+00:00,bitpin,17968533444.0,0.00556528,sell
2026-09-12T19:20:27.078919+00:00,bitpin,17968533444.0,0.00037837,sell
2026-09-12T19:20:43.975346+00:00,nobitex,17920000010.0,0.000167,buy
2026-09-12T19:20:43.975400+00:00,nobitex,17910000002.0,0.001039,sell
2026-09-12T19:20:43.975421+00:00,nobitex,17910000002.0,4.1e-05,buy
2026-09-12T19:21:01.485611+00:00,wallex,17937000025.0,5.586e-05,buy
2026-09-12T19:21:02.919654+00:00,nobitex,17920000010.0,0.00566,buy
2026-09-12T19:21:02.919702+00:00,nobitex,17920000010.0,0.02959,buy
2026-09-12T19:21:02.919725+00:00,nobitex,17910000003.0,5e-05,sell
2026-09-12T19:21:21.522282+00:00,nobitex,17910000002.0,0.000421,sell
2026-09-12T19:21:21.522322+00:00,nobitex,17910000003.0,0.000614,sell
2026-09-12T19:21:40.004999+00:00,nobitex,17910000002.0,1e-06,sell
2026-09-12T19:21:41.831122+00:00,bitpin,17968533444.0,0.00111305,sell
2026-09-12T19:21:59.749943+00:00,nobitex,17920000004.0,1.4e-05,buy
2026-09-12T19:21:59.750008+00:00,nobitex,17910000002.0,0.001026,sell
2026-09-12T19:22:52.895253+00:00,nobitex,17910000002.0,0.00094,sell
2026-09-12T19:22:52.895310+00:00,nobitex,17910000002.0,0.00034,sell
2026-09-12T19:22:54.217563+00:00,bitpin,17962367847.0,0.00027836,buy
2026-09-12T19:22:54.217601+00:00,bitpin,17962367848.0,0.00231772,buy
2026-09-12T19:23:11.195686+00:00,nobitex,17919999997.0,0.000167,sell
2026-09-12T19:23:49.245039+00:00,wallex,17941104400.0,0.00038518,buy
2026-09-12T19:23:50.647927+00:00,nobitex,17907208000.0,0.00129,sell
2026-09-12T19:23:50.647970+00:00,nobitex,17910000002.0,3e-05,sell
2026-09-12T19:23:50.647990+00:00,nobitex,17910000002.0,0.00059,sell
2026-09-12T19:23:50.648007+00:00,nobitex,17910000002.0,0.003562,sell
2026-09-12T19:23:50.648024+00:00,nobitex,17919999997.0,3e-06,sell
2026-09-12T19:23:50.648040+00:00,nobitex,17919999999.0,1.3e-05,sell
2026-09-12T19:23:50.648055+00:00,nobitex,17920000007.0,3.4e-05,sell
2026-09-12T19:23:52.490558+00:00,bitpin,17962367832.0,0.00011134,buy
2026-09-12T19:24:09.245442+00:00,nobitex,17907208000.0,0.000524,sell
2026-09-12T19:24:09.245491+00:00,nobitex,17910000000.0,4.1e-05,sell
2026-09-12T19:24:09.245510+00:00,nobitex,17910000000.0,1e-06,sell
2026-09-12T19:24:27.205850+00:00,wallex,17945492948.0,4.026e-05,buy
2026-09-12T19:24:47.515955+00:00,nobitex,17910000003.0,0.002948,sell
2026-09-12T19:24:49.116750+00:00,bitpin,17961095254.0,7.1e-06,buy
2026-09-12T19:24:49.116802+00:00,bitpin,17952485528.0,5.58e-06,sell
2026-09-12T19:25:15.673140+00:00,wallex,17952320001.0,0.00027302,buy
2026-09-12T19:25:17.173874+00:00,nobitex,17910000003.0,0.000175,sell
2026-09-12T19:25:57.008213+00:00,bitpin,17952485528.0,0.00065339,sell
2026-09-12T19:26:13.991794+00:00,nobitex,17910000003.0,1.2e-05,sell
2026-09-12T19:26:15.438045+00:00,bitpin,17951000056.0,0.00066437,sell
2026-09-12T19:26:15.438084+00:00,bitpin,17952485528.0,0.00023227,sell
2026-09-12T19:26:32.127920+00:00,wallex,17956000001.0,0.00011988,buy
2026-09-12T19:26:54.514639+00:00,bitpin,17951000056.0,5.421e-05,sell
2026-09-12T19:27:12.576569+00:00,nobitex,17910000003.0,0.001023,sell
2026-09-12T19:27:12.576619+00:00,nobitex,17920000001.0,5e-06,buy
2026-09-12T19:27:14.310048+00:00,bitpin,17940968557.0,0.00066498,sell
2026-09-12T19:27:14.310089+00:00,bitpin,17950000050.0,1.982e-05,sell
2026-09-12T19:27:14.310105+00:00,bitpin,17951000056.0,0.00082426,sell
2026-09-12T19:27:33.055168+00:00,bitpin,17933168645.0,0.00019936,sell
2026-09-12T19:27:33.055216+00:00,bitpin,17930731271.0,0.00066616,sell
2026-09-12T19:28:10.151126+00:00,nobitex,17910000003.0,1e-06,sell
2026-09-12T19:28:10.151174+00:00,nobitex,17910000003.0,8.3e-05,sell
2026-09-12T19:28:29.027392+00:00,nobitex,17921718929.0,4e-06,buy
2026-09-12T19:28:48.318780+00:00,nobitex,17910000003.0,0.000761,sell
2026-09-12T19:28:48.318834+00:00,nobitex,17910000003.0,0.000144,sell
2026-09-12T19:28:50.063540+00:00,bitpin,17907313204.0,0.00017138,sell
2026-09-12T19:28:50.063578+00:00,bitpin,17909340405.0,0.00018487,sell
2026-09-12T19:28:50.063592+00:00,bitpin,17907860912.0,0.00055841,sell
2026-09-12T19:28:50.063605+00:00,bitpin,17910000000.0,0.00022334,sell
2026-09-12T19:29:08.080507+00:00,nobitex,17910000003.0,0.001036,sell
2026-09-12T19:29:26.825843+00:00,nobitex,17910000003.0,0.001057,sell
2026-09-12T19:29:29.891455+00:00,bitpin,17923498431.0,0.001082,sell
2026-09-12T19:29:46.071829+00:00,wallex,17957100000.0,3.629e-05,buy
2026-09-12T19:29:46.071875+00:00,wallex,17957439036.0,0.00027843,buy
2026-09-12T19:29:46.071894+00:00,wallex,17957439037.0,0.0003124,buy
2026-09-12T19:30:06.143541+00:00,nobitex,17910000004.0,6e-06,sell
2026-09-12T19:30:07.676747+00:00,bitpin,17915122746.0,0.0008004,sell
2026-09-12T19:30:07.676796+00:00,bitpin,17915122747.0,0.00558187,sell
2026-09-12T19:30:36.558249+00:00,bitpin,17915122756.0,0.00075625,sell
2026-09-12T19:30:52.939432+00:00,wallex,17957100000.0,0.00013555,sell
2026-09-12T19:30:52.939467+00:00,wallex,17957100000.0,0.0010212,sell
2026-09-12T19:30:52.939480+00:00,wallex,17957099970.0,0.002112,sell
2026-09-12T19:30:52.939492+00:00,wallex,17956000001.0,0.00040588,sell
2026-09-12T19:30:54.480978+00:00,nobitex,17910000005.0,1e-06,sell
2026-09-12T19:31:13.653558+00:00,wallex,17961536154.0,0.00120795,sell
2026-09-12T19:31:13.653597+00:00,wallex,17959145619.0,5.147e-05,sell
2026-09-12T19:31:16.803629+00:00,bitpin,17920727540.0,0.00066983,sell
2026-09-12T19:31:33.337435+00:00,nobitex,17910000003.0,0.00059,sell
2026-09-12T19:31:33.337493+00:00,nobitex,17910000004.0,0.001312,sell
2026-09-12T19:31:33.337514+00:00,nobitex,17910000005.0,3e-06,sell
2026-09-12T19:31:52.348117+00:00,nobitex,17910000003.0,0.003274,sell
2026-09-12T19:32:07.285663+00:00,nobitex,17921716903.0,1.6e-05,sell
2026-09-12T19:32:07.285728+00:00,nobitex,17910000003.0,0.000128,sell
2026-09-12T19:32:26.461304+00:00,nobitex,17910000003.0,0.001046,sell
2026-09-12T19:32:26.461397+00:00,nobitex,17921716899.0,0.000355,buy
2026-09-12T19:32:45.172538+00:00,nobitex,17921716891.0,9e-06,buy
2026-09-12T19:33:04.619231+00:00,nobitex,17911716900.0,1.2e-05,sell
2026-09-12T19:33:04.619277+00:00,nobitex,17921715887.0,0.000412,buy
2026-09-12T19:33:04.619297+00:00,nobitex,17911716900.0,0.000234,sell
2026-09-12T19:33:23.567061+00:00,nobitex,17911716900.0,0.000304,sell
2026-09-12T19:33:23.567207+00:00,nobitex,17911716900.0,0.000516,sell
2026-09-12T19:33:25.005353+00:00,bitpin,17924782533.0,1.889e-05,sell
2026-09-12T19:33:41.805384+00:00,nobitex,17911716900.0,0.000249,sell
2026-09-12T19:33:41.805428+00:00,nobitex,17911716900.0,0.000255,sell
2026-09-12T19:33:43.437369+00:00,bitpin,17920727540.0,5.022e-05,sell
2026-09-12T19:33:43.437403+00:00,bitpin,17920727540.0,1.123e-05,sell
2026-09-12T19:34:20.507141+00:00,nobitex,17911716900.0,0.001974,sell
2026-09-12T19:34:20.507200+00:00,nobitex,17921714875.0,1.6e-05,buy
2026-09-12T19:34:22.005738+00:00,bitpin,17920727540.0,0.00120455,buy
2026-09-12T19:34:56.434354+00:00,wallex,17956000001.0,0.00039112,buy
2026-09-12T19:34:57.879573+00:00,nobitex,17910000003.0,0.000412,sell
2026-09-12T19:34:57.879636+00:00,nobitex,17911716900.0,0.000421,sell
2026-09-12T19:34:57.879691+00:00,nobitex,17911716900.0,0.000147,sell
2026-09-12T19:35:15.803736+00:00,wallex,17968685951.0,5.832e-05,buy
2026-09-12T19:35:17.336729+00:00,nobitex,17910000003.0,0.006597,sell
2026-09-12T19:35:19.179620+00:00,bitpin,17920727540.0,0.00054611,buy
2026-09-12T19:35:35.972717+00:00,nobitex,17921713828.0,0.000149,buy
2026-09-12T19:35:35.972753+00:00,nobitex,17910000003.0,0.000111,sell
2026-09-12T19:35:53.481967+00:00,wallex,17956000012.0,0.00062785,buy
2026-09-12T19:35:53.482014+00:00,wallex,17956000001.0,0.0001721,sell
2026-09-12T19:35:54.771972+00:00,nobitex,17921713816.0,0.000837,buy
2026-09-12T19:36:12.017427+00:00,wallex,17956000001.0,0.00070896,buy
2026-09-12T19:36:13.245254+00:00,nobitex,17910000003.0,0.000335,sell
2026-09-12T19:36:14.780866+00:00,bitpin,17940463873.0,0.00134598,buy
2026-09-12T19:36:14.780904+00:00,bitpin,17938670524.0,0.00192283,buy
2026-09-12T19:36:31.985243+00:00,nobitex,17910000003.0,7e-06,sell
2026-09-12T19:36:31.985291+00:00,nobitex,17910000003.0,5.7e-05,sell
2026-09-12T19:36:31.985305+00:00,nobitex,17910000003.0,0.001025,sell
2026-09-12T19:36:51.030491+00:00,nobitex,17921712794.0,5.3e-05,buy
2026-09-12T19:37:10.333204+00:00,nobitex,17910000003.0,5.3e-05,sell
2026-09-12T19:37:11.919621+00:00,bitpin,17960000000.0,7.23e-06,buy
2026-09-12T19:37:29.334349+00:00,nobitex,17921711792.0,0.000558,buy
2026-09-12T19:37:49.607228+00:00,bitpin,17944033883.0,0.00029165,sell
2026-09-12T19:37:49.607284+00:00,bitpin,17944033883.0,7.21e-06,sell
2026-09-12T19:38:05.370299+00:00,wallex,17956000000.0,0.00157223,buy
2026-09-12T19:38:05.370343+00:00,wallex,17956000000.0,0.00045208,buy
2026-09-12T19:38:05.370358+00:00,wallex,17956000001.0,0.00026362,sell
2026-09-12T19:38:05.370370+00:00,wallex,17956000000.0,0.0021741,buy
2026-09-12T19:38:06.626751+00:00,nobitex,17910000004.0,1e-06,sell
2026-09-12T19:38:06.626799+00:00,nobitex,17910000004.0,0.000695,sell
2026-09-12T19:38:06.626818+00:00,nobitex,17910000004.0,1e-06,sell
2026-09-12T19:38:06.626835+00:00,nobitex,17910000004.0,5e-06,sell
2026-09-12T19:38:24.524281+00:00,wallex,17956000000.0,0.00079028,buy
2026-09-12T19:38:25.764393+00:00,nobitex,17910000003.0,0.000499,sell
2026-09-12T19:38:25.764455+00:00,nobitex,17910000005.0,0.000339,sell
2026-09-12T19:38:25.764474+00:00,nobitex,17910000003.0,0.000146,sell
2026-09-12T19:38:25.764493+00:00,nobitex,17910000004.0,0.000279,sell
2026-09-12T19:38:25.764512+00:00,nobitex,17910000004.0,7.8e-05,sell
2026-09-12T19:38:25.764532+00:00,nobitex,17921710772.0,3e-06,buy
2026-09-12T19:39:04.540222+00:00,nobitex,17910000003.0,1e-06,sell
2026-09-12T19:39:04.540277+00:00,nobitex,17910000003.0,0.000279,sell
2026-09-12T19:39:04.540297+00:00,nobitex,17910000003.0,1.5e-05,sell
2026-09-12T19:39:23.090693+00:00,wallex,17956000000.0,0.00197716,buy
2026-09-12T19:39:23.090732+00:00,wallex,17956000001.0,2.704e-05,buy
2026-09-12T19:39:25.578013+00:00,bitpin,17946486289.0,0.00111442,sell
2026-09-12T19:39:39.577735+00:00,nobitex,17921709742.0,9e-06,buy
2026-09-12T19:39:58.931247+00:00,nobitex,17910000003.0,0.001031,sell
2026-09-12T19:39:58.931299+00:00,nobitex,17910000003.0,0.001675,sell
2026-09-12T19:39:58.931320+00:00,nobitex,17921709734.0,2.4e-05,buy
2026-09-12T19:40:15.814732+00:00,wallex,17956000000.0,0.00183354,buy
2026-09-12T19:40:54.601340+00:00,nobitex,17910000003.0,0.001046,sell
2026-09-12T19:41:13.423324+00:00,nobitex,17921707699.0,2.7e-05,buy
2026-09-12T19:41:13.423371+00:00,nobitex,17910000003.0,0.004311,sell
2026-09-12T19:41:13.423391+00:00,nobitex,17921708688.0,0.000167,buy
2026-09-12T19:41:13.423409+00:00,nobitex,17921708690.0,3.2e-05,buy
2026-09-12T19:42:11.233991+00:00,wallex,17956000000.0,0.001063,buy
2026-09-12T19:42:30.812720+00:00,nobitex,17910000003.0,0.000111,sell
2026-09-12T19:42:47.378362+00:00,wallex,17956000000.0,0.00111,buy
2026-09-12T19:43:06.004226+00:00,wallex,17956000000.0,0.00056036,buy
2026-09-12T19:43:06.004269+00:00,wallex,17956000000.0,0.000286,buy
2026-09-12T19:43:26.294030+00:00,nobitex,17921599997.0,0.002248,buy
2026-09-12T19:43:44.615840+00:00,nobitex,17910000003.0,0.000391,sell
2026-09-12T19:44:03.149474+00:00,nobitex,17910000003.0,0.000563,sell
2026-09-12T19:44:22.093285+00:00,nobitex,17910000003.0,1e-06,sell
2026-09-12T19:44:40.011900+00:00,wallex,17956000000.0,5.56e-06,buy
2026-09-12T19:44:40.011936+00:00,wallex,17956000000.0,0.00027502,buy
2026-09-12T19:44:41.005150+00:00,nobitex,17910000003.0,0.001675,sell
2026-09-12T19:45:16.915086+00:00,wallex,17956000000.0,0.00036058,sell
2026-09-12T19:45:18.412641+00:00,nobitex,17910000003.0,0.002594,sell
2026-09-12T19:45:18.412698+00:00,nobitex,17910000003.0,0.000116,sell
2026-09-12T19:45:18.412717+00:00,nobitex,17910000003.0,0.000211,sell
2026-09-12T19:45:37.356108+00:00,nobitex,17921498987.0,5e-06,buy
2026-09-12T19:46:15.754881+00:00,nobitex,17921399999.0,0.000823,buy
2026-09-12T19:46:36.137076+00:00,nobitex,17910000003.0,0.000831,sell
2026-09-12T19:46:55.128715+00:00,nobitex,17910000003.0,0.000559,sell
2026-09-12T19:47:16.361613+00:00,nobitex,17910000003.0,0.001296,sell
2026-09-12T19:47:16.361655+00:00,nobitex,17910000003.0,0.100066,sell
2026-09-12T19:47:34.088885+00:00,wallex,17955799999.0,0.00011729,buy
2026-09-12T19:47:35.231952+00:00,nobitex,17921398886.0,5.6e-05,buy
2026-09-12T19:48:11.668538+00:00,wallex,17955800000.0,5.57e-05,sell
2026-09-12T19:48:31.739712+00:00,nobitex,17921298979.0,0.002653,buy
2026-09-12T19:48:31.739764+00:00,nobitex,17921298991.0,5.5e-05,buy
2026-09-12T19:48:51.403570+00:00,nobitex,17910000003.0,0.0003,sell
2026-09-12T19:49:25.603443+00:00,nobitex,17910000003.0,0.0007,sell
2026-09-12T19:49:25.603483+00:00,nobitex,17910000003.0,0.000507,sell
2026-09-12T19:49:25.603503+00:00,nobitex,17910000003.0,1.3e-05,sell
2026-09-12T19:49:45.199289+00:00,nobitex,17910000003.0,0.000458,sell
2026-09-12T19:49:45.199337+00:00,nobitex,17910000005.0,0.000111,sell
2026-09-12T19:50:02.463224+00:00,wallex,17937100002.0,6e-05,buy
2026-09-12T19:50:03.718677+00:00,nobitex,17910000003.0,0.001061,sell
2026-09-12T19:50:03.718839+00:00,nobitex,17910000003.0,1e-06,sell
2026-09-12T19:50:03.718867+00:00,nobitex,17910000003.0,0.000274,sell
2026-09-12T19:50:05.546310+00:00,bitpin,17950002382.0,0.00103339,buy
2026-09-12T19:50:23.455034+00:00,nobitex,17910000004.0,5.8e-05,buy
2026-09-12T19:50:25.303204+00:00,bitpin,17950002379.0,1.114e-05,buy
2026-09-12T19:50:42.507085+00:00,nobitex,17910000003.0,0.001612,sell
2026-09-12T19:50:42.507139+00:00,nobitex,17910000003.0,3e-06,sell
2026-09-12T19:50:42.507159+00:00,nobitex,17910000003.0,2.5e-05,sell
2026-09-12T19:50:42.507177+00:00,nobitex,17910000003.0,0.000101,sell
2026-09-12T19:50:42.507192+00:00,nobitex,17910000003.0,0.00246,sell
2026-09-12T19:50:42.507207+00:00,nobitex,17910000003.0,0.001301,sell
2026-09-12T19:50:57.042200+00:00,nobitex,17907208000.0,1e-06,sell
2026-09-12T19:50:57.042249+00:00,nobitex,17907208000.0,0.000721,sell
2026-09-12T19:50:57.042269+00:00,nobitex,17910000000.0,4.5e-05,sell
2026-09-12T19:50:57.042287+00:00,nobitex,17910000000.0,5e-06,sell
2026-09-12T19:50:57.042303+00:00,nobitex,17910000000.0,5e-06,sell
2026-09-12T19:50:57.042319+00:00,nobitex,17910000002.0,0.000311,sell
2026-09-12T19:51:36.876151+00:00,nobitex,17907208000.0,6.1e-05,sell
2026-09-12T19:51:36.876194+00:00,nobitex,17907208000.0,5e-06,sell
2026-09-12T19:51:36.876212+00:00,nobitex,17907208000.0,0.00021,sell
2026-09-12T19:51:38.413043+00:00,bitpin,17948486289.0,7.794e-05,sell
2026-09-12T19:51:55.921255+00:00,nobitex,17909999975.0,5.7e-05,buy
2026-09-12T19:51:55.921295+00:00,nobitex,17907208000.0,0.000446,sell
2026-09-12T19:51:55.921314+00:00,nobitex,17907208000.0,0.015572,sell
2026-09-12T19:51:55.921332+00:00,nobitex,17909999983.0,5e-06,buy
2026-09-12T19:51:55.921347+00:00,nobitex,17907208000.0,0.00109,sell
2026-09-12T19:52:14.146872+00:00,wallex,17937100001.0,0.00011783,buy
2026-09-12T19:52:15.277687+00:00,nobitex,17907208000.0,0.000807,sell
2026-09-12T19:52:16.911861+00:00,bitpin,17919284234.0,0.00020512,sell
2026-09-12T19:52:16.911903+00:00,bitpin,17940874652.0,0.00048521,sell
2026-09-12T19:52:16.911920+00:00,bitpin,17940463873.0,1.114e-05,sell
2026-09-12T19:52:16.911934+00:00,bitpin,17919284233.0,0.00033136,sell
2026-09-12T19:52:16.911948+00:00,bitpin,17950002355.0,2.228e-05,buy
2026-09-12T19:52:33.192597+00:00,wallex,17937100001.0,8.024e-05,sell
2026-09-12T19:52:33.192631+00:00,wallex,17937100001.0,8.391e-05,sell
2026-09-12T19:52:33.192645+00:00,wallex,17937100001.0,0.00012585,buy
2026-09-12T19:52:34.627397+00:00,nobitex,17907208000.0,0.00389,sell
2026-09-12T19:52:34.627439+00:00,nobitex,17907208000.0,0.006483,sell
2026-09-12T19:52:52.750860+00:00,wallex,17937100000.0,0.00016883,buy
2026-09-12T19:52:52.750942+00:00,wallex,17946450001.0,3.12e-05,buy
2026-09-12T19:52:53.994721+00:00,nobitex,17907208000.0,0.002817,sell
2026-09-12T19:52:53.994773+00:00,nobitex,17909999939.0,1.4e-05,buy
2026-09-12T19:52:53.994786+00:00,nobitex,17907208000.0,0.000103,sell
2026-09-12T19:52:55.826190+00:00,bitpin,17937939197.0,0.00055747,buy
2026-09-12T19:53:13.326336+00:00,nobitex,17907208000.0,0.000108,sell
2026-09-12T19:53:32.579235+00:00,nobitex,17907208000.0,6.3e-05,sell
2026-09-12T19:53:32.579289+00:00,nobitex,17909999925.0,0.000211,buy
2026-09-12T19:53:52.141899+00:00,nobitex,17907000000.0,2.8e-05,sell
2026-09-12T19:53:52.141940+00:00,nobitex,17907208000.0,2.1e-05,sell
2026-09-12T19:53:52.141956+00:00,nobitex,17907208000.0,0.005155,sell
2026-09-12T19:54:06.990099+00:00,nobitex,17900000000.0,0.000115,sell
2026-09-12T19:54:06.990140+00:00,nobitex,17900000000.0,0.00021,sell
2026-09-12T19:54:26.205414+00:00,nobitex,17900000000.0,1.4e-05,sell
2026-09-12T19:54:26.205453+00:00,nobitex,17900000000.0,0.000484,sell
2026-09-12T19:54:26.205468+00:00,nobitex,17900000000.0,0.000517,sell
2026-09-12T19:54:43.962888+00:00,wallex,17937100000.0,0.00105556,buy
2026-09-12T19:54:45.287361+00:00,nobitex,17899999999.0,6.5e-05,buy
2026-09-12T19:54:45.287426+00:00,nobitex,17895000000.0,1e-06,sell
2026-09-12T19:54:45.287448+00:00,nobitex,17900000000.0,1.4e-05,sell
2026-09-12T19:54:45.287465+00:00,nobitex,17900000000.0,0.000468,sell
2026-09-12T19:55:00.544988+00:00,nobitex,17899999999.0,1e-06,sell
2026-09-12T19:55:20.204425+00:00,nobitex,17899999999.0,5e-06,sell
2026-09-12T19:55:37.648259+00:00,wallex,17937100000.0,0.00092899,buy
2026-09-12T19:55:38.844831+00:00,nobitex,17899999989.0,0.005671,buy
2026-09-12T19:55:38.844883+00:00,nobitex,17895000000.0,8.9e-05,sell
2026-09-12T19:55:38.844907+00:00,nobitex,17895000000.0,6.6e-05,sell
2026-09-12T19:56:15.498549+00:00,wallex,17937100000.0,0.00034712,buy
2026-09-12T19:56:16.933540+00:00,nobitex,17891009000.0,0.000111,sell
2026-09-12T19:56:16.933601+00:00,nobitex,17895000000.0,5e-06,sell
2026-09-12T19:56:16.933622+00:00,nobitex,17895000000.0,4e-05,sell
2026-09-12T19:56:16.933641+00:00,nobitex,17899999982.0,0.000279,buy
2026-09-12T19:56:35.568712+00:00,nobitex,17894999994.0,0.00661,buy
2026-09-12T19:56:35.568756+00:00,nobitex,17891009000.0,0.002785,sell
2026-09-12T19:56:35.568777+00:00,nobitex,17891009000.0,1e-05,sell
2026-09-12T19:56:35.568794+00:00,nobitex,17891009000.0,0.001549,sell
2026-09-12T19:56:52.873999+00:00,wallex,17937100001.0,5.017e-05,sell
2026-09-12T19:56:52.874034+00:00,wallex,17937100001.0,5.52e-06,sell
2026-09-12T19:56:54.412376+00:00,nobitex,17891009000.0,0.000494,sell
2026-09-12T19:56:54.412425+00:00,nobitex,17891009000.0,0.003655,sell
2026-09-12T19:57:13.166485+00:00,nobitex,17890900313.0,8.2e-05,sell
2026-09-12T19:57:13.166518+00:00,nobitex,17891000000.0,5.5e-05,sell
2026-09-12T19:57:13.166531+00:00,nobitex,17891000000.0,0.000145,sell
2026-09-12T19:57:13.166542+00:00,nobitex,17891000000.0,0.000162,sell
2026-09-12T19:57:13.166553+00:00,nobitex,17891000001.0,6e-06,sell
2026-09-12T19:57:13.166565+00:00,nobitex,17891000001.0,5.5e-05,sell
2026-09-12T19:57:13.166576+00:00,nobitex,17891000003.0,0.000543,sell
2026-09-12T19:57:13.166585+00:00,nobitex,17891000222.0,3e-06,sell
2026-09-12T19:57:13.166595+00:00,nobitex,17891000222.0,0.000509,sell
2026-09-12T19:57:13.166605+00:00,nobitex,17891000229.0,3e-06,sell
2026-09-12T19:57:13.166616+00:00,nobitex,17891009000.0,0.001397,sell
2026-09-12T19:57:30.146290+00:00,wallex,17937100000.0,1.051e-05,buy
2026-09-12T19:57:31.386261+00:00,nobitex,17890680313.0,0.007203,sell
2026-09-12T19:57:31.386310+00:00,nobitex,17890900313.0,0.001391,sell
2026-09-12T19:57:31.386330+00:00,nobitex,17890900313.0,0.001062,sell
2026-09-12T19:57:31.386346+00:00,nobitex,17890900313.0,0.001263,sell
2026-09-12T19:57:49.910870+00:00,nobitex,17889000000.0,6e-06,sell
2026-09-12T19:57:49.910918+00:00,nobitex,17889999990.0,1e-06,sell
2026-09-12T19:57:49.910939+00:00,nobitex,17889999990.0,0.042879,sell
2026-09-12T19:57:49.910956+00:00,nobitex,17889999990.0,0.002422,sell
2026-09-12T19:57:49.910973+00:00,nobitex,17889999991.0,3e-06,sell
2026-09-12T19:57:49.910991+00:00,nobitex,17890000000.0,0.002291,sell
2026-09-12T19:57:49.911009+00:00,nobitex,17890000000.0,0.000107,sell
2026-09-12T19:57:49.911026+00:00,nobitex,17890000000.0,1.4e-05,sell
2026-09-12T19:57:49.911044+00:00,nobitex,17890000000.0,2.7e-05,sell
2026-09-12T19:57:49.911062+00:00,nobitex,17890000000.0,0.000415,sell
2026-09-12T19:57:49.911078+00:00,nobitex,17890000009.0,3e-06,sell
2026-09-12T19:57:49.911093+00:00,nobitex,17890100003.0,0.000543,sell
2026-09-12T19:57:49.911107+00:00,nobitex,17890617588.0,3e-06,sell
2026-09-12T19:57:49.911121+00:00,nobitex,17890622588.0,0.000166,sell
2026-09-12T19:57:49.911135+00:00,nobitex,17890622588.0,3e-06,sell
2026-09-12T19:57:49.911149+00:00,nobitex,17890622588.0,4e-06,sell
2026-09-12T19:57:52.445534+00:00,bitpin,17917767158.0,0.00110169,sell
2026-09-12T19:58:09.368148+00:00,nobitex,17887009310.0,0.000122,buy
2026-09-12T19:58:26.774305+00:00,wallex,17937100001.0,4.142e-05,sell
2026-09-12T19:58:28.104620+00:00,nobitex,17881000000.0,1.5e-05,sell
2026-09-12T19:58:29.640580+00:00,bitpin,17907313204.0,3.812e-05,sell
2026-09-12T19:58:29.640616+00:00,bitpin,17917767158.0,1.452e-05,sell
2026-09-12T19:58:46.638284+00:00,nobitex,17880000049.0,3e-06,sell
2026-09-12T19:58:46.638331+00:00,nobitex,17880100000.0,0.000391,sell
2026-09-12T19:58:46.638344+00:00,nobitex,17880100000.0,0.000495,sell
2026-09-12T19:58:46.638356+00:00,nobitex,17880100000.0,1e-06,sell
2026-09-12T19:58:46.638366+00:00,nobitex,17880100000.0,0.001025,sell
2026-09-12T19:58:46.638377+00:00,nobitex,17881000000.0,0.000263,sell
2026-09-12T19:58:46.638388+00:00,nobitex,17881000001.0,8.9e-05,sell
2026-09-12T19:58:47.969776+00:00,bitpin,17906313204.0,0.00558462,sell
2026-09-12T19:58:47.969815+00:00,bitpin,17907013204.0,7.06e-05,sell
2026-09-12T19:59:04.442529+00:00,nobitex,17859700000.0,8e-06,sell
2026-09-12T19:59:04.442545+00:00,nobitex,17860000029.0,3e-06,sell
2026-09-12T19:59:04.442552+00:00,nobitex,17870000000.0,2.5e-05,sell
2026-09-12T19:59:04.442557+00:00,nobitex,17870000009.0,3e-06,sell
2026-09-12T19:59:04.442562+00:00,nobitex,17870000039.0,3e-06,sell
2026-09-12T19:59:04.442568+00:00,nobitex,17877009035.0,5e-06,buy
2026-09-12T19:59:05.480953+00:00,bitpin,17906313204.0,0.0062,sell
2026-09-12T19:59:23.101016+00:00,nobitex,17850724749.0,0.00249,sell
2026-09-12T19:59:23.101069+00:00,nobitex,17850724749.0,9.1e-05,sell
2026-09-12T19:59:23.101089+00:00,nobitex,17853000009.0,3e-06,sell
2026-09-12T19:59:23.101107+00:00,nobitex,17859700000.0,0.000192,sell
2026-09-12T19:59:25.775181+00:00,bitpin,17900000000.0,0.00032612,sell
2026-09-12T19:59:25.775233+00:00,bitpin,17900000000.0,0.00167597,sell
2026-09-12T19:59:25.775257+00:00,bitpin,17900212123.0,5.395e-05,sell
2026-09-12T19:59:25.775276+00:00,bitpin,17901000000.0,4.4e-07,sell
2026-09-12T19:59:25.775295+00:00,bitpin,17901000000.0,0.00803167,sell
2026-09-12T19:59:25.775313+00:00,bitpin,17906313204.0,1.6e-07,sell
2026-09-12T19:59:25.775334+00:00,bitpin,17906000000.0,4.817e-05,sell
2026-09-12T19:59:42.138084+00:00,wallex,17937100001.0,0.00090194,sell
2026-09-12T19:59:43.358969+00:00,nobitex,17850313110.0,1e-06,sell
2026-09-12T19:59:43.359013+00:00,nobitex,17850313119.0,3e-06,sell
2026-09-12T20:00:02.284379+00:00,nobitex,17850313119.0,1.1e-05,buy
2026-09-12T20:00:02.284426+00:00,nobitex,17850313110.0,0.000461,sell
2026-09-12T20:00:02.284447+00:00,nobitex,17850313110.0,7.7e-05,sell
2026-09-12T20:00:03.848582+00:00,bitpin,17890105303.0,2.794e-05,sell
2026-09-12T20:00:21.322846+00:00,nobitex,17850313110.0,3e-06,buy
2026-09-12T20:00:21.322897+00:00,nobitex,17850313110.0,0.0001,sell
2026-09-12T20:00:24.272075+00:00,bitpin,17864491379.0,0.00018038,sell
2026-09-12T20:00:24.272126+00:00,bitpin,17864491379.0,0.00047432,sell
2026-09-12T20:00:24.272148+00:00,bitpin,17880000000.0,0.00011186,sell
2026-09-12T20:00:24.272167+00:00,bitpin,17869664297.0,6.382e-05,sell
2026-09-12T20:00:41.221585+00:00,wallex,17937100000.0,0.00526855,sell
2026-09-12T20:00:41.221631+00:00,wallex,17937100000.0,0.00027619,buy
2026-09-12T20:00:41.221651+00:00,wallex,17937100000.0,0.00100126,buy
2026-09-12T20:00:42.522991+00:00,nobitex,17845000000.0,0.000451,sell
2026-09-12T20:00:42.523048+00:00,nobitex,17845000000.0,0.000839,sell
2026-09-12T20:00:42.523067+00:00,nobitex,17850000000.0,0.000558,sell
2026-09-12T20:00:42.523086+00:00,nobitex,17850000000.0,6.1e-05,sell
2026-09-12T20:00:42.523103+00:00,nobitex,17850000000.0,0.000475,sell
2026-09-12T20:00:42.523120+00:00,nobitex,17850000000.0,0.000844,sell
2026-09-12T20:00:42.523137+00:00,nobitex,17850000000.0,0.00033,sell
2026-09-12T20:00:42.523152+00:00,nobitex,17850000000.0,0.000551,sell
2026-09-12T20:00:42.523167+00:00,nobitex,17850000000.0,0.000144,sell
2026-09-12T20:00:42.523184+00:00,nobitex,17850000000.0,3.9e-05,sell
2026-09-12T20:00:42.523202+00:00,nobitex,17850000000.0,0.002,sell
2026-09-12T20:00:42.523218+00:00,nobitex,17850000000.0,5.6e-05,sell
2026-09-12T20:00:42.523234+00:00,nobitex,17850000019.0,3e-06,sell
2026-09-12T20:00:42.523251+00:00,nobitex,17850000019.0,1e-06,sell
2026-09-12T20:00:42.523267+00:00,nobitex,17850009999.0,3e-06,sell
2026-09-12T20:01:14.500316+00:00,wallex,17936922428.0,0.0008993,buy
2026-09-12T20:01:14.500355+00:00,wallex,17936922428.0,7e-07,buy
2026-09-12T20:01:15.935166+00:00,nobitex,17848999994.0,5.6e-05,buy
2026-09-12T20:01:33.443827+00:00,wallex,17936922427.0,5.575e-05,sell
2026-09-12T20:01:34.981274+00:00,nobitex,17845000000.0,8e-06,buy
2026-09-12T20:01:34.981314+00:00,nobitex,17844000000.0,0.000656,sell
2026-09-12T20:01:34.981334+00:00,nobitex,17844000000.0,5.6e-05,sell
2026-09-12T20:01:34.981352+00:00,nobitex,17845000000.0,0.000279,buy
2026-09-12T20:01:34.981368+00:00,nobitex,17845000000.0,4.6e-05,buy
2026-09-12T20:01:34.981382+00:00,nobitex,17845000000.0,5.3e-05,sell
2026-09-12T20:01:34.981396+00:00,nobitex,17845000000.0,5.6e-05,sell
2026-09-12T20:01:34.981410+00:00,nobitex,17845000000.0,0.001073,sell
2026-09-12T20:02:14.713877+00:00,nobitex,17845000000.0,3.6e-05,buy
2026-09-12T20:02:34.474600+00:00,nobitex,17844000000.0,4e-06,buy
2026-09-12T20:02:34.474654+00:00,nobitex,17844000000.0,3e-06,sell
2026-09-12T20:02:34.474675+00:00,nobitex,17844000000.0,0.001419,sell
2026-09-12T20:02:36.010204+00:00,bitpin,17859559551.0,0.00089034,sell
2026-09-12T20:02:53.417353+00:00,nobitex,17843000009.0,0.000562,buy
2026-09-12T20:02:53.417416+00:00,nobitex,17843000009.0,3e-06,sell
2026-09-12T20:02:53.417436+00:00,nobitex,17843000009.0,3e-06,sell
2026-09-12T20:02:53.417455+00:00,nobitex,17844000000.0,0.001366,buy
2026-09-12T20:02:53.417472+00:00,nobitex,17844000000.0,0.002,buy
2026-09-12T20:03:12.257964+00:00,nobitex,17829079996.0,0.000143,sell
2026-09-12T20:03:12.258007+00:00,nobitex,17829079996.0,0.001761,sell
2026-09-12T20:03:12.258026+00:00,nobitex,17829080996.0,0.000314,sell
2026-09-12T20:03:12.258044+00:00,nobitex,17830000009.0,6.6e-05,sell
2026-09-12T20:03:12.258061+00:00,nobitex,17830000009.0,3e-06,sell
2026-09-12T20:03:12.258076+00:00,nobitex,17830000009.0,3e-06,sell
2026-09-12T20:03:12.258090+00:00,nobitex,17840000000.0,2.1e-05,sell
2026-09-12T20:03:30.359353+00:00,nobitex,17829079997.0,1.8e-05,sell
2026-09-12T20:03:48.009567+00:00,wallex,17936922362.0,2.508e-05,sell
2026-09-12T20:03:49.157976+00:00,nobitex,17829079997.0,0.001664,sell
2026-09-12T20:04:08.269800+00:00,nobitex,17829079997.0,8e-06,buy
2026-09-12T20:04:08.269841+00:00,nobitex,17829079996.0,1e-06,sell
2026-09-12T20:04:09.711206+00:00,bitpin,17859559551.0,7.95e-06,sell
2026-09-12T20:04:27.418491+00:00,nobitex,17820799970.0,0.004867,sell
2026-09-12T20:04:27.418534+00:00,nobitex,17822499702.0,0.000209,sell
2026-09-12T20:04:27.418556+00:00,nobitex,17826300999.0,5e-06,sell
2026-09-12T20:04:27.418573+00:00,nobitex,17826300999.0,5.6e-05,sell
2026-09-12T20:04:27.418589+00:00,nobitex,17829079996.0,0.001682,sell
2026-09-12T20:04:27.418604+00:00,nobitex,17829079996.0,0.000142,sell
2026-09-12T20:04:27.418619+00:00,nobitex,17829079997.0,0.000416,buy
2026-09-12T20:04:47.489322+00:00,nobitex,17829000000.0,0.000568,buy
2026-09-12T20:05:07.149089+00:00,nobitex,17829000000.0,0.001682,buy
2026-09-12T20:05:07.149131+00:00,nobitex,17829000000.0,0.001682,buy
2026-09-12T20:05:07.149150+00:00,nobitex,17820799971.0,0.000126,sell
2026-09-12T20:05:24.453351+00:00,wallex,17936922361.0,0.00014162,buy
2026-09-12T20:05:25.790545+00:00,nobitex,17820800972.0,0.007812,sell
2026-09-12T20:05:25.790589+00:00,nobitex,17829000000.0,0.000873,buy
2026-09-12T20:05:25.790605+00:00,nobitex,17820800971.0,1e-06,sell
2026-09-12T20:05:25.790619+00:00,nobitex,17829000000.0,0.001682,buy
2026-09-12T20:05:27.527126+00:00,bitpin,17859559551.0,6.462e-05,buy
2026-09-12T20:05:41.247731+00:00,nobitex,17829000000.0,0.001682,buy
2026-09-12T20:05:41.247774+00:00,nobitex,17820800972.0,0.000117,buy
2026-09-12T20:05:41.247792+00:00,nobitex,17820800972.0,0.001107,buy
2026-09-12T20:05:56.117582+00:00,nobitex,17829000000.0,1.8e-05,buy
2026-09-12T20:05:56.117840+00:00,nobitex,17829000000.0,0.000201,buy
2026-09-12T20:05:56.117867+00:00,nobitex,17829000000.0,0.000122,buy
2026-09-12T20:06:16.165549+00:00,nobitex,17830862905.0,3.3e-05,sell
2026-09-12T20:06:16.165616+00:00,nobitex,17830862905.0,6e-06,sell
2026-09-12T20:06:16.165638+00:00,nobitex,17829079997.0,0.000988,buy
2026-09-12T20:06:16.165657+00:00,nobitex,17829000000.0,3.3e-05,buy
2026-09-12T20:06:16.165675+00:00,nobitex,17829000000.0,0.01377,buy
2026-09-12T20:06:16.165691+00:00,nobitex,17829000000.0,0.000264,buy
2026-09-12T20:06:16.165757+00:00,nobitex,17829000000.0,0.018494,buy
2026-09-12T20:06:16.165785+00:00,nobitex,17828999999.0,3.9e-05,sell
2026-09-12T20:06:16.165803+00:00,nobitex,17828999999.0,1e-06,sell
2026-09-12T20:06:35.313850+00:00,nobitex,17843000009.0,1.3e-05,buy
2026-09-12T20:06:35.313898+00:00,nobitex,17829000002.0,0.00111,sell
2026-09-12T20:06:35.313918+00:00,nobitex,17829000001.0,5e-06,sell
2026-09-12T20:06:54.355015+00:00,nobitex,17830000015.0,0.001487,sell
2026-09-12T20:06:54.355062+00:00,nobitex,17830237785.0,0.001297,sell
2026-09-12T20:06:56.204504+00:00,bitpin,17883656874.0,6.396e-05,buy
2026-09-12T20:07:12.210688+00:00,wallex,17936922427.0,0.00069542,sell
2026-09-12T20:07:13.508459+00:00,nobitex,17830000015.0,0.001682,buy
2026-09-12T20:07:13.508505+00:00,nobitex,17829999999.0,1.3e-05,sell
2026-09-12T20:07:13.508520+00:00,nobitex,17830000015.0,0.006,buy
2026-09-12T20:07:13.508533+00:00,nobitex,17830000015.0,0.004513,sell
2026-09-12T20:07:13.508545+00:00,nobitex,17830237785.0,0.000385,buy
2026-09-12T20:07:32.043160+00:00,nobitex,17829999999.0,0.002669,sell
2026-09-12T20:07:32.043214+00:00,nobitex,17829999999.0,0.000112,sell
2026-09-12T20:07:32.043234+00:00,nobitex,17830000015.0,0.000246,buy
2026-09-12T20:07:49.244000+00:00,wallex,17936922427.0,7.73e-06,buy
2026-09-12T20:07:50.513782+00:00,nobitex,17828999999.0,4e-06,buy
2026-09-12T20:07:50.513834+00:00,nobitex,17828999999.0,0.001643,sell
2026-09-12T20:08:09.215030+00:00,nobitex,17828999999.0,0.001775,buy
2026-09-12T20:08:28.361941+00:00,nobitex,17820799970.0,0.010233,sell
2026-09-12T20:08:28.361990+00:00,nobitex,17820800970.0,0.00252,sell
2026-09-12T20:08:28.362009+00:00,nobitex,17822000000.0,0.002796,sell
2026-09-12T20:08:28.362027+00:00,nobitex,17828999999.0,0.000224,sell
2026-09-12T20:08:28.362046+00:00,nobitex,17828999999.0,2.7e-05,sell
2026-09-12T20:08:28.362064+00:00,nobitex,17829000000.0,0.001049,sell
2026-09-12T20:08:28.362080+00:00,nobitex,17829000000.0,7.1e-05,sell
2026-09-12T20:08:28.362096+00:00,nobitex,17829999999.0,0.002513,buy
2026-09-12T20:08:47.009100+00:00,nobitex,17829999999.0,0.000625,buy
2026-09-12T20:08:47.009166+00:00,nobitex,17820799970.0,3e-06,sell
2026-09-12T20:09:25.294599+00:00,nobitex,17830000015.0,0.000561,buy
2026-09-12T20:09:25.294651+00:00,nobitex,17830000000.0,0.000258,buy
2026-09-12T20:09:25.294668+00:00,nobitex,17830000000.0,0.010711,buy
2026-09-12T20:09:25.294683+00:00,nobitex,17830000000.0,0.001382,buy
2026-09-12T20:09:25.294699+00:00,nobitex,17830000000.0,0.007481,buy
2026-09-12T20:09:25.294714+00:00,nobitex,17830000000.0,0.002634,buy
2026-09-12T20:09:25.294731+00:00,nobitex,17829999999.0,0.00023,buy
2026-09-12T20:09:25.294747+00:00,nobitex,17820799971.0,0.000411,sell
2026-09-12T20:09:25.294765+00:00,nobitex,17820800971.0,0.000175,sell
2026-09-12T20:09:25.294783+00:00,nobitex,17820800972.0,0.000108,sell
2026-09-12T20:09:25.294800+00:00,nobitex,17829999999.0,0.001544,buy
2026-09-12T20:09:25.294819+00:00,nobitex,17829999999.0,1.1e-05,buy
2026-09-12T20:09:44.509085+00:00,nobitex,17821882596.0,0.000252,sell
2026-09-12T20:09:44.509154+00:00,nobitex,17829999999.0,2.2e-05,sell
2026-09-12T20:09:44.509175+00:00,nobitex,17830000015.0,7e-06,buy
2026-09-12T20:09:44.509194+00:00,nobitex,17830000000.0,3.6e-05,buy
2026-09-12T20:09:59.171730+00:00,nobitex,17826016722.0,0.000112,sell
2026-09-12T20:10:16.492254+00:00,wallex,17936922427.0,0.00017308,buy
2026-09-12T20:10:18.439005+00:00,nobitex,17830000015.0,0.001382,buy
2026-09-12T20:10:18.439050+00:00,nobitex,17830000015.0,0.001005,buy
2026-09-12T20:10:18.439067+00:00,nobitex,17830000000.0,7.2e-05,buy
2026-09-12T20:10:37.184053+00:00,nobitex,17830237785.0,0.00046,buy
2026-09-12T20:10:37.184107+00:00,nobitex,17830237785.0,0.000259,buy
2026-09-12T20:10:37.184127+00:00,nobitex,17830000015.0,0.003851,buy
2026-09-12T20:10:37.184142+00:00,nobitex,17830000015.0,0.000375,buy
2026-09-12T20:10:54.891551+00:00,wallex,17955799996.0,8.4e-07,sell
2026-09-12T20:10:54.891587+00:00,wallex,17955799999.0,0.00017135,sell
2026-09-12T20:10:54.891602+00:00,wallex,17937100001.0,3.275e-05,sell
2026-09-12T20:10:56.530667+00:00,nobitex,17820799987.0,2e-05,sell
2026-09-12T20:11:15.501924+00:00,nobitex,17844000000.0,5.2e-05,buy
2026-09-12T20:11:15.501970+00:00,nobitex,17844000000.0,5.6e-05,buy
2026-09-12T20:11:15.502039+00:00,nobitex,17820799989.0,0.000436,buy
2026-09-12T20:11:15.502064+00:00,nobitex,17820799989.0,0.00044,sell
2026-09-12T20:11:33.534744+00:00,nobitex,17853864700.0,0.001033,sell
2026-09-12T20:11:33.534793+00:00,nobitex,17850313119.0,0.000232,buy
2026-09-12T20:11:33.534814+00:00,nobitex,17850313110.0,0.000169,buy
2026-09-12T20:11:33.534833+00:00,nobitex,17850009999.0,0.000307,buy
2026-09-12T20:11:33.534850+00:00,nobitex,17844000000.0,0.000272,buy
2026-09-12T20:11:33.534865+00:00,nobitex,17844000000.0,0.000705,buy
2026-09-12T20:11:33.534884+00:00,nobitex,17843999999.0,1e-06,sell
2026-09-12T20:11:52.235246+00:00,nobitex,17844000002.0,0.001014,sell
2026-09-12T20:11:52.235286+00:00,nobitex,17844000002.0,0.008925,sell
2026-09-12T20:11:52.235305+00:00,nobitex,17844000003.0,0.000882,sell
2026-09-12T20:11:52.235321+00:00,nobitex,17844000004.0,0.00044,sell
2026-09-12T20:11:52.235337+00:00,nobitex,17872813591.0,0.002315,buy
2026-09-12T20:11:52.235351+00:00,nobitex,17872813590.0,0.00044,buy
2026-09-12T20:11:52.235365+00:00,nobitex,17872813590.0,0.00088,buy
2026-09-12T20:11:52.235379+00:00,nobitex,17872813592.0,0.000574,buy
2026-09-12T20:11:52.235393+00:00,nobitex,17859700000.0,0.000266,buy
2026-09-12T20:12:11.075992+00:00,nobitex,17844000005.0,0.000507,sell
2026-09-12T20:12:12.819738+00:00,bitpin,17868373664.0,0.00082283,sell
2026-09-12T20:12:12.819791+00:00,bitpin,17870225971.0,0.0002798,sell
2026-09-12T20:12:12.819810+00:00,bitpin,17870225971.0,0.00248672,buy
2026-09-12T20:12:12.819827+00:00,bitpin,17870225971.0,0.00041328,buy
2026-09-12T20:12:30.532414+00:00,nobitex,17844000009.0,0.00031,sell
2026-09-12T20:12:32.173513+00:00,bitpin,17870510824.0,5.316e-05,sell
2026-09-12T20:12:32.173561+00:00,bitpin,17870510823.0,8.256e-05,sell
2026-09-12T20:12:51.218313+00:00,bitpin,17883892328.0,5.599e-05,buy
2026-09-12T20:12:51.218359+00:00,bitpin,17894150284.0,0.00026817,buy
2026-09-12T20:13:07.804918+00:00,wallex,17936922427.0,0.00035614,buy
2026-09-12T20:13:07.804957+00:00,wallex,17936922427.0,3.34e-06,buy
2026-09-12T20:13:08.986675+00:00,nobitex,17835541960.0,2.2e-05,sell
2026-09-12T20:13:08.986715+00:00,nobitex,17835541961.0,6.6e-05,buy
2026-09-12T20:13:08.986731+00:00,nobitex,17835541961.0,0.00505,buy
2026-09-12T20:13:08.986745+00:00,nobitex,17835541961.0,0.00419,buy
2026-09-12T20:13:08.986759+00:00,nobitex,17835541961.0,0.000121,sell
2026-09-12T20:13:08.986772+00:00,nobitex,17835541964.0,0.005528,sell
2026-09-12T20:13:27.749851+00:00,nobitex,17835541960.0,8.1e-05,sell
2026-09-12T20:13:27.749890+00:00,nobitex,17840080817.0,1.1e-05,sell
2026-09-12T20:13:27.749905+00:00,nobitex,17840080817.0,0.001605,sell
2026-09-12T20:13:27.749917+00:00,nobitex,17840080817.0,0.001395,sell
2026-09-12T20:13:27.749928+00:00,nobitex,17835541961.0,0.001855,buy
2026-09-12T20:13:43.029461+00:00,nobitex,17820799971.0,0.000186,sell
2026-09-12T20:13:43.029498+00:00,nobitex,17835541960.0,0.000856,sell
2026-09-12T20:14:00.335760+00:00,wallex,17936922427.0,2.713e-05,buy
2026-09-12T20:14:01.789731+00:00,nobitex,17820799970.0,9.8e-05,sell
2026-09-12T20:14:01.789774+00:00,nobitex,17821464922.0,0.000576,sell
2026-09-12T20:14:01.789792+00:00,nobitex,17821464923.0,0.000333,sell
2026-09-12T20:14:01.789809+00:00,nobitex,17821464923.0,0.000548,sell
2026-09-12T20:14:19.403204+00:00,wallex,17936922361.0,0.00100288,sell
2026-09-12T20:14:19.403250+00:00,wallex,17936922361.0,0.00086189,buy
2026-09-12T20:14:19.403269+00:00,wallex,17936922427.0,0.00431559,buy
2026-09-12T20:14:41.396001+00:00,bitpin,17886368230.0,0.00106692,buy
2026-09-12T20:14:41.396044+00:00,bitpin,17888154857.0,0.00074684,buy
2026-09-12T20:14:41.396065+00:00,bitpin,17883892328.0,0.001001,buy
2026-09-12T20:14:41.396082+00:00,bitpin,17870510824.0,0.00045168,buy
2026-09-12T20:14:59.725759+00:00,nobitex,17841000000.0,5e-06,buy
2026-09-12T20:15:20.308872+00:00,bitpin,17888788517.0,5.787e-05,sell
2026-09-12T20:15:38.330104+00:00,nobitex,17821464922.0,0.000366,sell
2026-09-12T20:15:38.330141+00:00,nobitex,17840999999.0,0.000509,sell
2026-09-12T20:15:38.330156+00:00,nobitex,17841000000.0,4e-06,buy
2026-09-12T20:15:51.861114+00:00,wallex,17936922361.0,0.00292663,sell
2026-09-12T20:15:51.861162+00:00,wallex,17936922361.0,0.000804,sell
2026-09-12T20:15:53.484714+00:00,nobitex,17821859763.0,6.1e-05,sell
2026-09-12T20:15:53.484771+00:00,nobitex,17840999998.0,0.000445,sell
2026-09-12T20:16:12.735387+00:00,nobitex,17840999998.0,2.8e-05,buy
2026-09-12T20:16:12.735528+00:00,nobitex,17840999998.0,0.000516,buy
2026-09-12T20:16:14.274070+00:00,bitpin,17888788517.0,0.00838514,sell
2026-09-12T20:16:30.039484+00:00,wallex,17936922000.0,0.00011262,buy
2026-09-12T20:16:47.756332+00:00,bitpin,17893200392.0,0.00062624,sell
2026-09-12T20:16:47.756387+00:00,bitpin,17891410372.0,0.00043836,sell
2026-09-12T20:16:47.756410+00:00,bitpin,17889620353.0,6.717e-05,sell
2026-09-12T20:17:03.729154+00:00,wallex,17936922181.0,0.00018194,sell
2026-09-12T20:17:05.117265+00:00,nobitex,17820799970.0,0.000114,sell
2026-09-12T20:17:05.117306+00:00,nobitex,17821859763.0,0.000561,sell
2026-09-12T20:17:05.117325+00:00,nobitex,17840999998.0,0.000649,sell
2026-09-12T20:17:05.117342+00:00,nobitex,17840999998.0,7.9e-05,buy
2026-09-12T20:17:23.800038+00:00,nobitex,17821938569.0,0.000257,sell
2026-09-12T20:17:23.800083+00:00,nobitex,17840999999.0,2.8e-05,buy
2026-09-12T20:17:41.513257+00:00,wallex,17936922181.0,1.35e-06,buy
2026-09-12T20:17:42.845789+00:00,nobitex,17821938569.0,0.003755,sell
2026-09-12T20:17:57.385899+00:00,nobitex,17821034300.0,0.000256,sell
2026-09-12T20:17:57.385952+00:00,nobitex,17821938570.0,0.000308,sell
2026-09-12T20:17:57.385974+00:00,nobitex,17840999999.0,3e-06,buy
2026-09-12T20:18:36.706736+00:00,nobitex,17828406555.0,3e-05,sell
2026-09-12T20:18:36.706776+00:00,nobitex,17840999999.0,5.6e-05,buy
2026-09-12T20:18:50.122393+00:00,wallex,17936922181.0,4.322e-05,buy
2026-09-12T20:19:48.649150+00:00,nobitex,17821034301.0,0.000355,sell
2026-09-12T20:19:48.649190+00:00,nobitex,17821973111.0,0.000259,sell
2026-09-12T20:20:04.257555+00:00,nobitex,17821034300.0,4.4e-05,sell
2026-09-12T20:20:04.257608+00:00,nobitex,17821034301.0,0.000168,buy
2026-09-12T20:20:04.257627+00:00,nobitex,17821034301.0,0.00094,buy
2026-09-12T20:20:04.257643+00:00,nobitex,17821034301.0,0.00094,buy
2026-09-12T20:20:22.893048+00:00,wallex,17936922181.0,0.00013857,buy
2026-09-12T20:20:24.416445+00:00,nobitex,17820799970.0,0.000576,sell
2026-09-12T20:20:24.416494+00:00,nobitex,17820800986.0,4e-06,buy
2026-09-12T20:20:24.416509+00:00,nobitex,17820800986.0,8e-06,sell
2026-09-12T20:20:45.432966+00:00,bitpin,17889039814.0,0.00123056,sell
2026-09-12T20:21:03.238282+00:00,nobitex,17821034300.0,0.000363,buy
2026-09-12T20:21:03.238333+00:00,nobitex,17820800986.0,0.000675,buy
2026-09-12T20:21:03.238354+00:00,nobitex,17820800986.0,1.4e-05,buy
2026-09-12T20:21:17.779254+00:00,nobitex,17820799970.0,0.00028,sell
2026-09-12T20:21:17.779302+00:00,nobitex,17820799970.0,0.000394,sell
2026-09-12T20:21:56.179999+00:00,nobitex,17820799970.0,0.00105,sell
2026-09-12T20:21:56.180043+00:00,nobitex,17820799970.0,0.000777,sell
2026-09-12T20:21:56.180063+00:00,nobitex,17820799971.0,0.000583,sell
2026-09-12T20:21:56.180080+00:00,nobitex,17821034301.0,0.00062,buy
2026-09-12T20:21:56.180096+00:00,nobitex,17821034300.0,0.000419,buy
2026-09-12T20:21:57.922140+00:00,bitpin,17889039814.0,0.00029107,sell
2026-09-12T20:21:57.922186+00:00,bitpin,17893200392.0,0.00011198,sell
2026-09-12T20:22:16.247557+00:00,nobitex,17821034301.0,0.000276,buy
2026-09-12T20:22:16.247595+00:00,nobitex,17820799971.0,0.000105,buy
2026-09-12T20:22:16.247610+00:00,nobitex,17820799971.0,0.000657,buy
2026-09-12T20:22:17.859475+00:00,bitpin,17895988395.0,0.00029091,sell
2026-09-12T20:22:34.986864+00:00,nobitex,17821034301.0,5.6e-05,buy
2026-09-12T20:22:34.986899+00:00,nobitex,17821034301.0,0.001038,buy
2026-09-12T20:22:52.650766+00:00,wallex,17936922000.0,0.00013276,buy
2026-09-12T20:22:52.650802+00:00,wallex,17936922091.0,0.00016724,buy
2026-09-12T20:22:53.924846+00:00,nobitex,17820799970.0,0.000674,sell
2026-09-12T20:23:13.101329+00:00,nobitex,17821034301.0,0.000448,buy
2026-09-12T20:23:13.101367+00:00,nobitex,17820799970.0,4.9e-05,sell
2026-09-12T20:23:30.180000+00:00,wallex,17935493568.0,0.00057618,buy
2026-09-12T20:23:31.408887+00:00,nobitex,17820000009.0,0.002246,sell
2026-09-12T20:23:31.408941+00:00,nobitex,17820000100.0,0.000249,sell
2026-09-12T20:23:31.408962+00:00,nobitex,17820799970.0,0.006604,sell
2026-09-12T20:23:31.408981+00:00,nobitex,17820799970.0,4.1e-05,sell
2026-09-12T20:23:31.408997+00:00,nobitex,17820799970.0,0.013938,sell
2026-09-12T20:23:50.831402+00:00,nobitex,17819301999.0,0.001314,sell
2026-09-12T20:23:50.831450+00:00,nobitex,17820000000.0,0.001683,sell
2026-09-12T20:23:50.831472+00:00,nobitex,17820000000.0,5.5e-05,sell
2026-09-12T20:23:50.831490+00:00,nobitex,17820000008.0,2.8e-05,sell
2026-09-12T20:23:50.831507+00:00,nobitex,17820000008.0,2e-05,sell
2026-09-12T20:23:50.831525+00:00,nobitex,17820000009.0,0.011078,sell
2026-09-12T20:24:08.909623+00:00,wallex,17930534664.0,2.81e-06,buy
2026-09-12T20:24:10.171237+00:00,nobitex,17819302000.0,0.000301,sell
2026-09-12T20:24:10.171327+00:00,nobitex,17819302000.0,0.000115,sell
2026-09-12T20:24:29.033777+00:00,nobitex,17819302000.0,0.000295,sell
2026-09-12T20:25:06.219361+00:00,nobitex,17819302000.0,2.8e-05,buy
2026-09-12T20:25:06.219406+00:00,nobitex,17819301999.0,1e-06,sell
2026-09-12T20:25:23.840943+00:00,wallex,17900005126.0,0.00062891,buy
2026-09-12T20:25:23.840981+00:00,wallex,17900005128.0,0.000171,buy
2026-09-12T20:25:23.840994+00:00,wallex,17900005129.0,0.00017653,buy
2026-09-12T20:25:25.173837+00:00,nobitex,17819302000.0,1.1e-05,buy
2026-09-12T20:25:25.173879+00:00,nobitex,17819301999.0,0.001751,sell
2026-09-12T20:25:43.809350+00:00,nobitex,17819301999.0,0.000469,sell
2026-09-12T20:25:43.809392+00:00,nobitex,17819301999.0,2.1e-05,sell
2026-09-12T20:25:43.809408+00:00,nobitex,17819302000.0,9e-06,buy
2026-09-12T20:26:19.853085+00:00,wallex,17900005182.0,0.00011765,sell
2026-09-12T20:26:19.853122+00:00,wallex,17900005182.0,0.00018357,buy
2026-09-12T20:26:21.027713+00:00,nobitex,17819080001.0,5e-05,sell
2026-09-12T20:26:22.552199+00:00,bitpin,17889039814.0,0.00025783,buy
2026-09-12T20:26:41.050990+00:00,bitpin,17888788517.0,0.00098568,sell
2026-09-12T20:26:57.871078+00:00,nobitex,17819301999.0,0.000448,buy
2026-09-12T20:26:57.871126+00:00,nobitex,17819079996.0,0.005431,sell
2026-09-12T20:26:57.871141+00:00,nobitex,17819080000.0,6e-06,sell
2026-09-12T20:26:57.871153+00:00,nobitex,17819080001.0,0.000458,sell
2026-09-12T20:27:16.485454+00:00,nobitex,17819301999.0,1.1e-05,buy
2026-09-12T20:27:16.485509+00:00,nobitex,17819079996.0,0.00047,sell
2026-09-12T20:27:16.485529+00:00,nobitex,17819079997.0,0.000544,sell
2026-09-12T20:27:18.015929+00:00,bitpin,17893635916.0,0.00089697,buy
2026-09-12T20:27:18.015972+00:00,bitpin,17889039814.0,0.00018672,buy
2026-09-12T20:27:36.139460+00:00,nobitex,17819079997.0,0.000515,sell
2026-09-12T20:27:36.139510+00:00,nobitex,17819079997.0,4e-05,sell
2026-09-12T20:28:13.513482+00:00,wallex,17900000003.0,7.264e-05,buy
2026-09-12T20:28:14.866305+00:00,nobitex,17819079997.0,8e-06,buy
2026-09-12T20:28:14.866349+00:00,nobitex,17819079996.0,5.8e-05,sell
2026-09-12T20:28:14.866404+00:00,nobitex,17819079996.0,3e-06,sell
2026-09-12T20:28:14.866423+00:00,nobitex,17819079996.0,2.8e-05,sell
2026-09-12T20:28:14.866441+00:00,nobitex,17819079996.0,0.001125,sell
2026-09-12T20:28:49.966401+00:00,nobitex,17804000000.0,3.7e-05,sell
2026-09-12T20:28:49.966424+00:00,nobitex,17804400000.0,0.000583,sell
2026-09-12T20:28:49.966434+00:00,nobitex,17806880000.0,3e-06,sell
2026-09-12T20:28:49.966442+00:00,nobitex,17807417584.0,0.000281,sell
2026-09-12T20:28:49.966450+00:00,nobitex,17808823645.0,3e-06,sell
2026-09-12T20:28:49.966458+00:00,nobitex,17810000000.0,6e-06,sell
2026-09-12T20:28:49.966466+00:00,nobitex,17810000009.0,5.6e-05,sell
2026-09-12T20:28:49.966474+00:00,nobitex,17810000009.0,3e-06,sell
2026-09-12T20:28:49.966483+00:00,nobitex,17810006452.0,5e-06,sell
2026-09-12T20:28:49.966491+00:00,nobitex,17810553655.0,3e-06,sell
2026-09-12T20:28:49.966499+00:00,nobitex,17813000009.0,3e-06,sell
2026-09-12T20:28:49.966506+00:00,nobitex,17813340000.0,0.00028,sell
2026-09-12T20:28:49.966514+00:00,nobitex,17818213324.0,0.000501,sell
2026-09-12T20:28:49.966522+00:00,nobitex,17819068996.0,3e-06,sell
2026-09-12T20:28:49.966529+00:00,nobitex,17819068997.0,0.000601,sell
2026-09-12T20:29:09.087530+00:00,bitpin,17888788517.0,6.79e-05,sell
2026-09-12T20:29:24.373369+00:00,wallex,17915267344.0,0.00015231,buy
2026-09-12T20:29:25.608312+00:00,nobitex,17815540629.0,1e-06,sell
2026-09-12T20:29:25.608357+00:00,nobitex,17818213324.0,0.002127,buy
2026-09-12T20:29:25.608377+00:00,nobitex,17815540628.0,1.5e-05,buy
2026-09-12T20:30:02.345957+00:00,nobitex,17818213324.0,0.000722,sell
2026-09-12T20:30:02.345999+00:00,nobitex,17818213324.0,5.5e-05,sell
2026-09-12T20:30:02.346019+00:00,nobitex,17818213324.0,0.00219,buy
2026-09-12T20:30:02.346036+00:00,nobitex,17815540629.0,6.2e-05,buy
2026-09-12T20:30:21.203888+00:00,nobitex,17800000000.0,0.000123,sell
2026-09-12T20:30:21.203929+00:00,nobitex,17800000000.0,8.4e-05,sell
2026-09-12T20:30:21.203941+00:00,nobitex,17800000000.0,3.7e-05,sell
2026-09-12T20:30:21.203951+00:00,nobitex,17800000000.0,0.000284,sell
2026-09-12T20:30:21.203961+00:00,nobitex,17800000000.0,0.000438,sell
2026-09-12T20:30:21.203972+00:00,nobitex,17800000000.0,0.000163,sell
2026-09-12T20:30:21.203982+00:00,nobitex,17800000000.0,4.7e-05,sell
2026-09-12T20:30:21.203992+00:00,nobitex,17800000000.0,9.5e-05,sell
2026-09-12T20:30:21.204002+00:00,nobitex,17800000000.0,5.6e-05,sell
2026-09-12T20:30:21.204012+00:00,nobitex,17800000000.0,1.7e-05,sell
2026-09-12T20:30:21.204021+00:00,nobitex,17800000000.0,0.000283,sell
2026-09-12T20:30:21.204031+00:00,nobitex,17800000000.0,0.000792,sell
2026-09-12T20:30:21.204041+00:00,nobitex,17800000000.0,0.000209,sell
2026-09-12T20:30:21.204052+00:00,nobitex,17800000009.0,3e-06,sell
2026-09-12T20:30:21.204063+00:00,nobitex,17800000014.0,1e-05,sell
2026-09-12T20:30:21.204073+00:00,nobitex,17800000111.0,0.000561,sell
2026-09-12T20:30:21.204083+00:00,nobitex,17800000999.0,0.000393,sell
2026-09-12T20:30:21.204094+00:00,nobitex,17800022000.0,5e-06,sell
2026-09-12T20:30:21.204103+00:00,nobitex,17800236450.0,3e-06,sell
2026-09-12T20:30:21.204114+00:00,nobitex,17801068022.0,6.6e-05,sell
2026-09-12T20:30:22.741735+00:00,bitpin,17888788517.0,0.00831971,sell
2026-09-12T20:30:37.487107+00:00,bitpin,17895988394.0,0.00027438,buy
2026-09-12T20:30:54.133225+00:00,nobitex,17800000001.0,0.000448,sell
2026-09-12T20:30:54.133273+00:00,nobitex,17800000001.0,6.7e-05,sell
2026-09-12T20:30:55.610885+00:00,bitpin,17888788517.0,0.00063516,sell
2026-09-12T20:31:11.520055+00:00,wallex,17915267344.0,0.00053067,buy
2026-09-12T20:31:12.712324+00:00,nobitex,17800000001.0,0.000181,buy
2026-09-12T20:31:12.712368+00:00,nobitex,17800000001.0,0.001266,sell
2026-09-12T20:31:30.221020+00:00,wallex,17915267344.0,0.00060041,buy
2026-09-12T20:31:31.288317+00:00,nobitex,17800000001.0,0.0048,buy
2026-09-12T20:31:31.288357+00:00,nobitex,17800000000.0,1e-06,sell
2026-09-12T20:31:31.288376+00:00,nobitex,17800000000.0,0.00028,sell
2026-09-12T20:31:31.288393+00:00,nobitex,17800000000.0,0.000728,sell
2026-09-12T20:31:31.288408+00:00,nobitex,17800000000.0,0.00028,sell
2026-09-12T20:31:31.288422+00:00,nobitex,17800000000.0,3e-06,sell
2026-09-12T20:31:31.288436+00:00,nobitex,17800000000.0,0.000112,sell
2026-09-12T20:31:31.288450+00:00,nobitex,17800000000.0,5.6e-05,sell
2026-09-12T20:31:31.288463+00:00,nobitex,17800000000.0,0.00028,sell
2026-09-12T20:31:31.288477+00:00,nobitex,17800000000.0,0.001685,sell
2026-09-12T20:31:31.288490+00:00,nobitex,17800000000.0,8.4e-05,sell
2026-09-12T20:31:31.288504+00:00,nobitex,17800000000.0,0.00028,sell
2026-09-12T20:31:31.288517+00:00,nobitex,17800000000.0,3.9e-05,sell
2026-09-12T20:31:31.288530+00:00,nobitex,17800000000.0,5.5e-05,sell
2026-09-12T20:31:31.288544+00:00,nobitex,17800000001.0,5.5e-05,buy
2026-09-12T20:31:31.288557+00:00,nobitex,17800000001.0,0.000268,buy
2026-09-12T20:31:31.288571+00:00,nobitex,17800000000.0,0.000561,sell
2026-09-12T20:31:31.288584+00:00,nobitex,17800000000.0,0.000614,sell
2026-09-12T20:31:31.288597+00:00,nobitex,17800000001.0,0.000337,buy
2026-09-12T20:31:32.983961+00:00,bitpin,17886739475.0,0.00062616,sell
2026-09-12T20:31:32.984000+00:00,bitpin,17884950236.0,0.00025683,sell
2026-09-12T20:31:32.984015+00:00,bitpin,17888788517.0,1.811e-05,sell
2026-09-12T20:31:32.984029+00:00,bitpin,17888788517.0,0.00451703,sell
2026-09-12T20:31:49.744452+00:00,nobitex,17800000001.0,8.6e-05,buy
2026-09-12T20:32:07.187666+00:00,wallex,17915267344.0,0.00023031,buy
2026-09-12T20:32:25.107223+00:00,wallex,17915267344.0,0.00020349,buy
2026-09-12T20:32:26.220938+00:00,nobitex,17800000002.0,0.000364,sell
2026-09-12T20:32:26.220984+00:00,nobitex,17800000002.0,8e-06,sell
2026-09-12T20:32:45.012650+00:00,nobitex,17800000001.0,0.00403,sell
2026-09-12T20:33:01.603717+00:00,wallex,17915267345.0,0.00017007,buy
2026-09-12T20:33:02.647003+00:00,nobitex,17819000000.0,0.000741,buy
2026-09-12T20:33:21.177318+00:00,nobitex,17819068996.0,0.000395,buy
2026-09-12T20:33:39.221544+00:00,nobitex,17819000000.0,0.000561,sell
2026-09-12T20:33:39.221603+00:00,nobitex,17819000000.0,4e-05,sell
2026-09-12T20:33:40.553287+00:00,bitpin,17878481735.0,0.00044725,buy
2026-09-12T20:33:57.033934+00:00,nobitex,17819000000.0,3e-06,sell
2026-09-12T20:33:57.033975+00:00,nobitex,17819000000.0,0.000168,sell
2026-09-12T20:34:12.582468+00:00,wallex,17915267344.0,0.00070101,buy
2026-09-12T20:34:13.125993+00:00,nobitex,17819000000.0,0.0001,sell
2026-09-12T20:34:13.126026+00:00,nobitex,17819000001.0,7.7e-05,sell
2026-09-12T20:34:13.126038+00:00,nobitex,17819068996.0,5.3e-05,buy
2026-09-12T20:34:13.126048+00:00,nobitex,17819068996.0,5.6e-05,buy
2026-09-12T20:34:13.126058+00:00,nobitex,17819068996.0,0.000118,buy
2026-09-12T20:34:28.495370+00:00,nobitex,17819068996.0,0.000121,buy
2026-09-12T20:35:22.838586+00:00,nobitex,17819068996.0,0.001679,buy
2026-09-12T20:35:22.838624+00:00,nobitex,17819068996.0,0.000104,buy
2026-09-12T20:35:41.477249+00:00,nobitex,17819068996.0,0.00055,buy
2026-09-12T20:35:41.477292+00:00,nobitex,17819001016.0,0.00205,sell
2026-09-12T20:35:41.477311+00:00,nobitex,17819001017.0,0.000333,sell
2026-09-12T20:35:41.477329+00:00,nobitex,17819068996.0,3e-06,buy
2026-09-12T20:35:41.477346+00:00,nobitex,17819068996.0,3.5e-05,buy
2026-09-12T20:35:59.936985+00:00,nobitex,17819001016.0,0.000198,sell
2026-09-12T20:35:59.937022+00:00,nobitex,17819001017.0,0.000334,sell
2026-09-12T20:35:59.937036+00:00,nobitex,17819068996.0,4.2e-05,sell
2026-09-12T20:35:59.937049+00:00,nobitex,17819068996.0,3e-06,buy
2026-09-12T20:35:59.937060+00:00,nobitex,17819068996.0,1.7e-05,buy
2026-09-12T20:36:35.673074+00:00,wallex,17915267345.0,0.00011163,sell
2026-09-12T20:36:36.904075+00:00,nobitex,17819079996.0,3.7e-05,buy
2026-09-12T20:36:36.904138+00:00,nobitex,17819079996.0,6e-06,buy
2026-09-12T20:36:51.328626+00:00,nobitex,17819079997.0,0.003081,buy
2026-09-12T20:36:51.328690+00:00,nobitex,17819079996.0,0.001497,buy
2026-09-12T20:36:51.328711+00:00,nobitex,17819079996.0,0.000612,buy
2026-09-12T20:37:09.733023+00:00,nobitex,17820000000.0,0.000499,buy
2026-09-12T20:37:09.733073+00:00,nobitex,17820000000.0,0.0005,buy
2026-09-12T20:37:09.733093+00:00,nobitex,17819302000.0,0.004118,buy
2026-09-12T20:37:09.733112+00:00,nobitex,17819302000.0,0.000988,buy
2026-09-12T20:37:09.733130+00:00,nobitex,17819302000.0,0.00102,buy
2026-09-12T20:37:09.733147+00:00,nobitex,17819302000.0,0.00536,buy
2026-09-12T20:37:09.733164+00:00,nobitex,17819302000.0,0.0092,buy
2026-09-12T20:37:09.733181+00:00,nobitex,17819301999.0,0.000349,buy
2026-09-12T20:37:09.733198+00:00,nobitex,17819079997.0,0.001044,buy
2026-09-12T20:37:26.501851+00:00,nobitex,17840999999.0,0.00054,buy
2026-09-12T20:37:26.501875+00:00,nobitex,17820000000.0,2e-06,buy
2026-09-12T20:37:44.957772+00:00,nobitex,17840999999.0,2e-05,buy
2026-09-12T20:38:03.428233+00:00,nobitex,17841000000.0,0.000163,buy
2026-09-12T20:38:20.425746+00:00,wallex,17930534661.0,0.00010973,sell
2026-09-12T20:38:21.625372+00:00,nobitex,17841000000.0,0.000261,sell
2026-09-12T20:38:21.625408+00:00,nobitex,17841000000.0,0.00015,sell
2026-09-12T20:38:21.625423+00:00,nobitex,17846248366.0,0.002248,buy
2026-09-12T20:38:21.625436+00:00,nobitex,17841000000.0,1e-06,buy
2026-09-12T20:38:21.625448+00:00,nobitex,17841000000.0,0.001847,buy
2026-09-12T20:38:39.349297+00:00,wallex,17915267344.0,0.00097414,buy
2026-09-12T20:39:00.664266+00:00,nobitex,17846791579.0,0.001269,sell
2026-09-12T20:39:20.083310+00:00,nobitex,17869998996.0,5.5e-05,buy
2026-09-12T20:39:21.553079+00:00,bitpin,17894931823.0,0.00093067,buy
2026-09-12T20:39:38.724799+00:00,nobitex,17841000004.0,0.000112,buy
2026-09-12T20:39:38.724852+00:00,nobitex,17841000016.0,1.6e-05,sell
2026-09-12T20:39:38.724873+00:00,nobitex,17846791580.0,0.00088,sell
2026-09-12T20:39:38.724890+00:00,nobitex,17866435845.0,0.00011,sell
2026-09-12T20:39:40.144451+00:00,bitpin,17895001501.0,1.315e-05,sell
2026-09-12T20:39:40.144495+00:00,bitpin,17878481736.0,0.00099085,sell
2026-09-12T20:39:56.943056+00:00,nobitex,17869999996.0,1.1e-05,buy
2026-09-12T20:39:56.943110+00:00,nobitex,17841000001.0,0.001336,sell
2026-09-12T20:39:56.943130+00:00,nobitex,17846252596.0,0.000259,sell
2026-09-12T20:39:59.474586+00:00,bitpin,17897002933.0,0.00090572,buy
2026-09-12T20:39:59.474646+00:00,bitpin,17895988395.0,0.00025059,buy
2026-09-12T20:40:14.939436+00:00,wallex,17905000001.0,0.00023926,sell
2026-09-12T20:40:14.939495+00:00,wallex,17905000001.0,0.00013001,buy
2026-09-12T20:40:17.702026+00:00,bitpin,17919522212.0,5.587e-05,sell
2026-09-12T20:40:35.284731+00:00,nobitex,17869000000.0,0.000282,buy
2026-09-12T20:41:09.220907+00:00,wallex,17930534606.0,1.7e-05,sell
2026-09-12T20:41:10.329389+00:00,nobitex,17869000000.0,0.000377,sell
2026-09-12T20:41:11.843511+00:00,bitpin,17936928127.0,5.588e-05,buy
2026-09-12T20:41:26.975081+00:00,wallex,17907000001.0,0.0001405,buy
2026-09-12T20:41:28.104460+00:00,nobitex,17869000000.0,7.6e-05,sell
2026-09-12T20:41:28.104500+00:00,nobitex,17869000000.0,0.001019,sell
2026-09-12T20:41:44.879063+00:00,wallex,17907000001.0,0.00111688,sell
2026-09-12T20:41:46.025101+00:00,nobitex,17869999997.0,0.000403,buy
2026-09-12T20:41:46.025155+00:00,nobitex,17869000000.0,2.6e-05,sell
2026-09-12T20:41:46.025176+00:00,nobitex,17869000000.0,1e-06,sell
2026-09-12T20:41:46.025193+00:00,nobitex,17869999997.0,0.000156,buy
2026-09-12T20:41:47.455256+00:00,bitpin,17921887137.0,5.575e-05,sell
2026-09-12T20:42:03.915979+00:00,wallex,17907000001.0,0.00157086,sell
2026-09-12T20:42:05.394899+00:00,nobitex,17869000000.0,1e-06,sell
2026-09-12T20:42:05.394935+00:00,nobitex,17869000000.0,0.000522,sell
2026-09-12T20:42:05.394951+00:00,nobitex,17869999997.0,2.7e-05,sell
2026-09-12T20:42:05.394964+00:00,nobitex,17869000000.0,0.000685,sell
2026-09-12T20:42:05.394975+00:00,nobitex,17869000000.0,0.000649,sell
2026-09-12T20:42:05.394986+00:00,nobitex,17869999997.0,0.000207,sell
2026-09-12T20:42:05.394997+00:00,nobitex,17869999997.0,0.001068,sell
2026-09-12T20:42:07.034977+00:00,bitpin,17922919881.0,0.00113767,sell
2026-09-12T20:42:24.856735+00:00,nobitex,17869000000.0,0.00044,sell
2026-09-12T20:42:24.856788+00:00,nobitex,17870000000.0,7e-06,buy
2026-09-12T20:42:24.856810+00:00,nobitex,17869000000.0,0.001405,sell
2026-09-12T20:42:24.856828+00:00,nobitex,17870000000.0,1.8e-05,buy
2026-09-12T20:42:24.856846+00:00,nobitex,17869000000.0,0.001706,sell
2026-09-12T20:42:59.522023+00:00,nobitex,17869000100.0,0.000559,buy
2026-09-12T20:42:59.522073+00:00,nobitex,17869000100.0,0.0005,sell
2026-09-12T20:43:16.868946+00:00,wallex,17900000003.0,0.00187472,sell
2026-09-12T20:43:16.869027+00:00,wallex,17900000003.0,0.00015497,buy
2026-09-12T20:43:18.150610+00:00,nobitex,17869000100.0,1.3e-05,buy
2026-09-12T20:43:18.150663+00:00,nobitex,17869000100.0,0.000139,buy
2026-09-12T20:43:18.150683+00:00,nobitex,17869000000.0,1e-06,sell
2026-09-12T20:43:55.179310+00:00,wallex,17903500050.0,0.00098362,buy
2026-09-12T20:43:55.179355+00:00,wallex,17903500051.0,0.0001627,buy
2026-09-12T20:43:56.318663+00:00,nobitex,17869000100.0,6e-06,buy
2026-09-12T20:44:13.366762+00:00,wallex,17930534664.0,0.00060872,sell
2026-09-12T20:44:14.701253+00:00,nobitex,17869000100.0,5.6e-05,buy
2026-09-12T20:44:31.515190+00:00,wallex,17930534663.0,1.604e-05,sell
2026-09-12T20:44:32.860797+00:00,nobitex,17869000000.0,0.00099,sell
2026-09-12T20:45:10.317496+00:00,nobitex,17869000100.0,3.9e-05,buy
2026-09-12T20:45:10.317547+00:00,nobitex,17869000100.0,3.9e-05,buy
2026-09-12T20:45:10.317569+00:00,nobitex,17869000100.0,1.4e-05,buy
2026-09-12T20:45:10.317588+00:00,nobitex,17869000000.0,2.7e-05,sell
2026-09-12T20:45:10.317606+00:00,nobitex,17869000000.0,1.4e-05,sell
2026-09-12T20:45:30.928687+00:00,bitpin,17922919881.0,1.7e-05,buy
2026-09-12T20:45:45.252002+00:00,nobitex,17869000000.0,0.000887,sell
2026-09-12T20:45:45.252037+00:00,nobitex,17869000100.0,0.000129,sell
2026-09-12T20:46:03.135354+00:00,nobitex,17869000100.0,2e-05,buy
2026-09-12T20:46:56.620592+00:00,nobitex,17869000000.0,0.000227,buy
2026-09-12T20:46:56.620675+00:00,nobitex,17850000000.0,0.000478,sell
2026-09-12T20:46:56.620742+00:00,nobitex,17868000000.0,1.5e-05,sell
2026-09-12T20:46:56.620765+00:00,nobitex,17869000000.0,5.3e-05,sell
2026-09-12T20:46:56.620786+00:00,nobitex,17869000000.0,0.004721,sell
2026-09-12T20:46:56.620807+00:00,nobitex,17869000100.0,6e-06,buy
2026-09-12T20:46:56.620826+00:00,nobitex,17869000000.0,0.000503,sell
2026-09-12T20:47:14.366480+00:00,nobitex,17850000000.0,0.000854,sell
2026-09-12T20:47:14.366536+00:00,nobitex,17869000000.0,0.000182,sell
2026-09-12T20:47:14.366563+00:00,nobitex,17869000000.0,5.4e-05,sell
2026-09-12T20:47:14.366586+00:00,nobitex,17869000000.0,0.00027,sell
2026-09-12T20:47:48.940147+00:00,nobitex,17869000100.0,1.6e-05,buy
2026-09-12T20:47:48.940176+00:00,nobitex,17869000100.0,1.5e-05,buy
2026-09-12T20:48:06.291307+00:00,nobitex,17850000002.0,6.9e-05,sell
2026-09-12T20:48:06.291351+00:00,nobitex,17850000002.0,0.000114,sell
2026-09-12T20:48:07.744555+00:00,bitpin,17927377746.0,0.00015582,buy
2026-09-12T20:48:07.744627+00:00,bitpin,17922919881.0,9.322e-05,buy
2026-09-12T20:48:07.744652+00:00,bitpin,17922919881.0,0.00117,buy
2026-09-12T20:48:23.984161+00:00,wallex,17904252742.0,0.00070222,buy
2026-09-12T20:48:23.984262+00:00,wallex,17904252744.0,1.607e-05,buy
2026-09-12T20:48:23.984286+00:00,wallex,17904252745.0,0.00013304,buy
2026-09-12T20:48:23.984306+00:00,wallex,17930534643.0,3.855e-05,sell
2026-09-12T20:48:41.459609+00:00,wallex,17904252754.0,0.00083751,sell
2026-09-12T20:48:41.459687+00:00,wallex,17904252764.0,0.002609,buy
2026-09-12T20:48:41.459713+00:00,wallex,17904252765.0,0.00013432,buy
2026-09-12T20:48:42.452073+00:00,nobitex,17850000002.0,0.00051,buy
2026-09-12T20:48:42.452121+00:00,nobitex,17850000002.0,0.000315,buy
2026-09-12T20:48:58.312815+00:00,wallex,17904252754.0,0.00068377,sell
2026-09-12T20:49:16.311451+00:00,nobitex,17850000000.0,0.001,sell
2026-09-12T20:49:16.311493+00:00,nobitex,17850000003.0,6.4e-05,sell
2026-09-12T20:49:33.857750+00:00,nobitex,17850000003.0,0.00286,buy
2026-09-12T20:49:47.103241+00:00,wallex,17904252754.0,0.000552,sell
2026-09-12T20:49:48.305120+00:00,nobitex,17850000001.0,1e-06,sell
2026-09-12T20:49:48.305196+00:00,nobitex,17850000001.0,9.6e-05,sell
2026-09-12T20:49:48.305220+00:00,nobitex,17850000003.0,0.000732,buy
2026-09-12T20:49:49.914118+00:00,bitpin,17927377746.0,8.22e-06,sell
2026-09-12T20:50:04.638016+00:00,wallex,17904252754.0,3.134e-05,sell
2026-09-12T20:50:04.638057+00:00,wallex,17904252754.0,0.00076866,sell
2026-09-12T20:50:07.012588+00:00,bitpin,17927377746.0,0.0005578,sell
2026-09-12T20:50:07.012630+00:00,bitpin,17927377746.0,0.00127372,sell
2026-09-12T20:50:07.012647+00:00,bitpin,17911087512.0,0.00107622,sell
2026-09-12T20:50:07.012662+00:00,bitpin,17909294381.0,0.00075335,sell
2026-09-12T20:50:07.012679+00:00,bitpin,17907501249.0,5.605e-05,sell
2026-09-12T20:50:07.012693+00:00,bitpin,17922919881.0,6.184e-05,sell
2026-09-12T20:50:24.244782+00:00,nobitex,17850000001.0,0.000104,sell
2026-09-12T20:50:24.244825+00:00,nobitex,17850000001.0,1e-06,sell
2026-09-12T20:50:41.890861+00:00,nobitex,17850000000.0,1.9e-05,sell
2026-09-12T20:50:41.890892+00:00,nobitex,17850000000.0,2.8e-05,sell
2026-09-12T20:50:41.890903+00:00,nobitex,17850000000.0,0.000513,sell
2026-09-12T20:50:41.890912+00:00,nobitex,17850000000.0,1e-06,sell
2026-09-12T20:50:41.890920+00:00,nobitex,17850000001.0,2e-05,buy
2026-09-12T20:50:59.863570+00:00,nobitex,17841384599.0,0.000299,sell
2026-09-12T20:51:18.239138+00:00,nobitex,17850000000.0,0.000168,buy
2026-09-12T20:51:18.239225+00:00,nobitex,17850000000.0,5.4e-05,buy
2026-09-12T20:51:18.239253+00:00,nobitex,17825008465.0,0.000908,sell
2026-09-12T20:51:18.239275+00:00,nobitex,17841000022.0,1.1e-05,sell
2026-09-12T20:51:18.239297+00:00,nobitex,17841000022.0,0.000119,sell
2026-09-12T20:51:19.840058+00:00,bitpin,17925590313.0,0.00034693,sell
2026-09-12T20:51:19.840101+00:00,bitpin,17924531878.0,0.00029807,buy
2026-09-12T20:51:19.840123+00:00,bitpin,17920972210.0,0.000538,buy
2026-09-12T20:51:19.840141+00:00,bitpin,17922740267.0,0.00042582,buy
2026-09-12T20:51:19.840158+00:00,bitpin,17918225985.0,0.00110388,buy
2026-09-12T20:51:19.840174+00:00,bitpin,17920948655.0,0.00060831,buy
2026-09-12T20:52:09.727141+00:00,wallex,17904252754.0,0.00010348,sell
2026-09-12T20:52:27.249262+00:00,nobitex,17841000024.0,1e-06,sell
2026-09-12T20:52:59.971872+00:00,wallex,17909300082.0,9.95e-06,buy
2026-09-12T20:53:35.081627+00:00,nobitex,17841000023.0,1e-05,sell
2026-09-12T20:53:35.081660+00:00,nobitex,17841000023.0,0.005025,sell
2026-09-12T20:53:35.081675+00:00,nobitex,17841000024.0,0.000235,sell
2026-09-12T20:53:36.448234+00:00,bitpin,17905746505.0,0.0001625,sell
2026-09-12T20:53:52.206408+00:00,nobitex,17849999000.0,4.4e-05,buy
2026-09-12T20:53:52.206486+00:00,nobitex,17849999000.0,2.3e-05,buy
2026-09-12T20:54:09.319813+00:00,nobitex,17849999000.0,0.0051,buy
2026-09-12T20:54:09.319866+00:00,nobitex,17830059127.0,0.000208,sell
2026-09-12T20:54:09.319885+00:00,nobitex,17841000023.0,0.000571,sell
2026-09-12T20:54:09.319901+00:00,nobitex,17841000024.0,0.000235,sell
2026-09-12T20:54:26.372438+00:00,wallex,17936919222.0,2.08e-05,sell
2026-09-12T20:54:44.447827+00:00,nobitex,17830059127.0,0.001959,sell
2026-09-12T20:54:44.447871+00:00,nobitex,17830059127.0,0.000386,sell
2026-09-12T20:55:00.551646+00:00,wallex,17909300081.0,0.01,buy
2026-09-12T20:55:00.551690+00:00,wallex,17909300082.0,9.732e-05,sell
2026-09-12T20:55:00.551710+00:00,wallex,17909300211.0,0.000172,buy
2026-09-12T20:55:01.645511+00:00,nobitex,17830059127.0,1e-06,sell
2026-09-12T20:56:09.249366+00:00,nobitex,17849999000.0,0.000168,buy
2026-09-12T20:56:10.684285+00:00,bitpin,17906808533.0,0.00059414,sell
2026-09-12T20:56:42.443143+00:00,wallex,17909300082.0,0.00016751,sell
2026-09-12T20:56:43.483872+00:00,nobitex,17830059128.0,1.5e-05,sell
2026-09-12T20:56:43.483921+00:00,nobitex,17830059128.0,2e-05,sell
2026-09-12T20:56:59.321978+00:00,wallex,17904252749.0,0.00010723,buy
2026-09-12T20:56:59.322035+00:00,wallex,17909300082.0,1.163e-05,sell
2026-09-12T20:57:17.084835+00:00,nobitex,17830059128.0,2e-05,sell
2026-09-12T20:57:32.937970+00:00,wallex,17904252749.0,7e-05,sell
2026-09-12T20:57:50.200145+00:00,wallex,17904252748.0,0.00010935,buy
2026-09-12T20:57:50.200180+00:00,wallex,17904252748.0,1.228e-05,buy
2026-09-12T20:57:51.343840+00:00,nobitex,17849999000.0,1.9e-05,buy
2026-09-12T20:57:51.343905+00:00,nobitex,17830059129.0,0.001677,sell
2026-09-12T20:58:09.394459+00:00,wallex,17904252743.0,0.00011477,buy
2026-09-12T20:58:09.394503+00:00,wallex,17909300082.0,0.00244655,sell
2026-09-12T20:58:09.394521+00:00,wallex,17909300082.0,0.00020538,sell
2026-09-12T20:58:09.394536+00:00,wallex,17904252749.0,0.00054545,sell
2026-09-12T20:58:10.585262+00:00,nobitex,17849999000.0,0.00056,buy
2026-09-12T20:58:12.332357+00:00,bitpin,17905883935.0,0.00100525,sell
2026-09-12T20:58:12.332399+00:00,bitpin,17905883935.0,0.00027923,sell
2026-09-12T20:58:27.879459+00:00,wallex,17904252742.0,0.00011701,buy
2026-09-12T20:58:27.879517+00:00,wallex,17904252742.0,7.26e-05,buy
2026-09-12T20:58:46.965955+00:00,nobitex,17830059127.0,0.00173,sell
2026-09-12T20:58:46.966001+00:00,nobitex,17849998999.0,0.000342,sell
2026-09-12T20:59:22.495397+00:00,wallex,17904252742.0,0.00011477,sell
2026-09-12T20:59:39.543029+00:00,nobitex,17849998999.0,0.0005,buy
2026-09-12T20:59:56.077148+00:00,nobitex,17850000000.0,3.7e-05,buy
2026-09-12T20:59:56.077187+00:00,nobitex,17849999000.0,0.00014,buy
2026-09-12T20:59:57.524084+00:00,bitpin,17905883935.0,0.00110969,buy
2026-09-12T20:59:57.524146+00:00,bitpin,17905883935.0,0.01320011,buy
2026-09-12T21:00:12.881883+00:00,wallex,17903500003.0,5.58e-06,sell
2026-09-12T21:00:12.881967+00:00,wallex,17903500003.0,0.00012399,buy
2026-09-12T21:00:14.082563+00:00,nobitex,17849999000.0,0.000138,sell
2026-09-12T21:00:15.499974+00:00,bitpin,17907683443.0,8.33e-06,sell
2026-09-12T21:00:30.639262+00:00,wallex,17903500002.0,0.00016756,buy
2026-09-12T21:00:31.759710+00:00,nobitex,17850000000.0,0.000654,buy
2026-09-12T21:00:31.759761+00:00,nobitex,17850000000.0,0.000187,buy
2026-09-12T21:00:31.759774+00:00,nobitex,17849999000.0,5.8e-05,sell
2026-09-12T21:00:48.589687+00:00,wallex,17903500002.0,0.00011169,sell
2026-09-12T21:01:07.506257+00:00,nobitex,17849998999.0,0.00045,buy
2026-09-12T21:01:07.506308+00:00,nobitex,17849998999.0,2.8e-05,buy
2026-09-12T21:01:07.506328+00:00,nobitex,17849998999.0,5.4e-05,sell
2026-09-12T21:01:07.506346+00:00,nobitex,17850000003.0,0.002011,buy
2026-09-12T21:01:07.506361+00:00,nobitex,17850000001.0,0.00029,buy
2026-09-12T21:01:07.506376+00:00,nobitex,17850000000.0,0.001232,buy
2026-09-12T21:01:25.344126+00:00,nobitex,17869000100.0,0.004195,buy
2026-09-12T21:01:25.344192+00:00,nobitex,17869000100.0,9e-06,buy
2026-09-12T21:01:25.344215+00:00,nobitex,17869000099.0,0.00088,buy
2026-09-12T21:01:25.344230+00:00,nobitex,17846170330.0,0.003675,buy
2026-09-12T21:01:42.289333+00:00,wallex,17900338022.0,0.00033415,buy
2026-09-12T21:01:42.289399+00:00,wallex,17900338023.0,0.00011485,buy
2026-09-12T21:02:00.690143+00:00,wallex,17900339022.0,0.00019557,buy
2026-09-12T21:02:00.690182+00:00,wallex,17900339023.0,7.346e-05,buy
2026-09-12T21:02:03.079932+00:00,nobitex,17870000000.0,0.000193,buy
2026-09-12T21:02:03.080023+00:00,nobitex,17869000100.0,0.000987,buy
2026-09-12T21:02:20.076570+00:00,wallex,17900339023.0,0.0122343,sell
2026-09-12T21:02:20.076629+00:00,wallex,17900339023.0,0.00674931,sell
2026-09-12T21:02:20.076657+00:00,wallex,17900339023.0,0.00282747,buy
2026-09-12T21:02:20.076683+00:00,wallex,17900339023.0,5.932e-05,buy
2026-09-12T21:02:34.673440+00:00,wallex,17900339023.0,3e-08,sell
2026-09-12T21:02:35.868211+00:00,nobitex,17850040554.0,0.000479,sell
2026-09-12T21:02:35.868438+00:00,nobitex,17869000100.0,0.000901,sell
2026-09-12T21:02:53.314901+00:00,nobitex,17869000101.0,9.6e-05,sell
2026-09-12T21:03:10.746159+00:00,nobitex,17870000000.0,0.000282,buy
2026-09-12T21:03:28.594221+00:00,nobitex,17870000001.0,0.000174,sell
2026-09-12T21:03:28.594262+00:00,nobitex,17870000000.0,0.000795,sell
2026-09-12T21:03:46.095267+00:00,nobitex,17870659799.0,2.6e-05,buy
2026-09-12T21:04:20.448535+00:00,wallex,17904252742.0,0.00036633,sell
2026-09-12T21:04:21.557682+00:00,nobitex,17872600000.0,0.000175,buy
2026-09-12T21:04:21.557906+00:00,nobitex,17870659799.0,0.001118,buy
2026-09-12T21:04:21.557941+00:00,nobitex,17870659799.0,0.00104,buy
2026-09-12T21:04:39.237032+00:00,nobitex,17872674070.0,0.00129,buy
2026-09-12T21:04:39.237080+00:00,nobitex,17872600000.0,0.00056,buy
2026-09-12T21:04:39.237095+00:00,nobitex,17872600000.0,0.000483,buy
2026-09-12T21:04:57.469101+00:00,nobitex,17872674070.0,0.000257,buy
2026-09-12T21:04:57.469136+00:00,nobitex,17872674070.0,2e-06,buy
2026-09-12T21:04:57.469151+00:00,nobitex,17872674070.0,0.000169,buy
2026-09-12T21:05:15.258117+00:00,nobitex,17872674070.0,0.000518,buy
2026-09-12T21:05:16.527717+00:00,bitpin,17911002444.0,0.00031392,sell
2026-09-12T21:05:51.551244+00:00,bitpin,17912002445.0,0.00127076,sell
2026-09-12T21:06:24.424219+00:00,nobitex,17870000002.0,0.000244,buy
2026-09-12T21:06:24.424246+00:00,nobitex,17870000002.0,7e-06,sell
2026-09-12T21:06:41.352149+00:00,nobitex,17870000002.0,0.000134,buy
2026-09-12T21:06:58.543815+00:00,nobitex,17870000000.0,0.000725,sell
2026-09-12T21:06:58.543972+00:00,nobitex,17870000000.0,0.000802,sell
2026-09-12T21:07:14.628160+00:00,wallex,17909300082.0,2.84e-05,sell
2026-09-12T21:07:33.159241+00:00,wallex,17904777981.0,5.861e-05,buy
2026-09-12T21:07:33.159276+00:00,wallex,17904777982.0,6.774e-05,buy
2026-09-12T21:07:34.498663+00:00,nobitex,17872674070.0,0.000232,buy
2026-09-12T21:07:34.498702+00:00,nobitex,17870000002.0,3.8e-05,buy
2026-09-12T21:07:34.498714+00:00,nobitex,17870000002.0,8.3e-05,buy
2026-09-12T21:07:34.498724+00:00,nobitex,17870000002.0,0.000165,buy
2026-09-12T21:07:51.327873+00:00,nobitex,17872674070.0,4e-06,buy
2026-09-12T21:08:06.921940+00:00,wallex,17904777982.0,6.774e-05,buy
2026-09-12T21:08:24.745306+00:00,nobitex,17870000000.0,0.000559,sell
2026-09-12T21:08:24.745348+00:00,nobitex,17870000000.0,0.001147,sell
2026-09-12T21:08:24.745366+00:00,nobitex,17870000001.0,0.002237,buy
2026-09-12T21:08:24.745382+00:00,nobitex,17870000001.0,0.000546,sell
2026-09-12T21:08:41.467398+00:00,nobitex,17865000001.0,1e-05,sell
2026-09-12T21:08:41.467435+00:00,nobitex,17865000000.0,9e-06,sell
2026-09-12T21:10:19.559195+00:00,wallex,17904777981.0,0.00277302,buy
2026-09-12T21:10:19.559257+00:00,wallex,17904777982.0,5.897e-05,buy
2026-09-12T21:10:19.559282+00:00,wallex,17909300081.0,0.00039348,sell
2026-09-12T21:10:20.503849+00:00,nobitex,17870000001.0,0.000558,buy
2026-09-12T21:10:20.503892+00:00,nobitex,17870000001.0,0.000588,buy
2026-09-12T21:10:20.503914+00:00,nobitex,17865000002.0,0.000391,sell
2026-09-12T21:10:21.785163+00:00,bitpin,17929167295.0,1.115e-05,buy
2026-09-12T21:10:51.672440+00:00,nobitex,17865000002.0,0.000121,sell
2026-09-12T21:11:07.384049+00:00,wallex,17900000000.0,0.00025939,sell
2026-09-12T21:11:07.384100+00:00,wallex,17900000000.0,0.00074894,sell
2026-09-12T21:11:07.384116+00:00,wallex,17900000000.0,0.00090434,sell
2026-09-12T21:11:07.384131+00:00,wallex,17899952342.0,0.00040901,sell
2026-09-12T21:11:07.384144+00:00,wallex,17900000000.0,0.00418994,buy
2026-09-12T21:11:07.384159+00:00,wallex,17900000000.0,8.37e-06,buy
2026-09-12T21:11:07.384171+00:00,wallex,17900000000.0,0.00039106,buy
2026-09-12T21:11:07.384184+00:00,wallex,17900000000.0,7.971e-05,buy
2026-09-12T21:11:07.384196+00:00,wallex,17900000000.0,0.00020047,buy
2026-09-12T21:11:07.384208+00:00,wallex,17900000000.0,0.00017111,buy
2026-09-12T21:11:07.384219+00:00,wallex,17900000000.0,2.222e-05,buy
2026-09-12T21:11:07.384232+00:00,wallex,17900000002.0,0.00234581,buy
2026-09-12T21:11:07.384243+00:00,wallex,17900000002.0,0.0009,buy
2026-09-12T21:11:07.384255+00:00,wallex,17900000002.0,0.00168162,buy
2026-09-12T21:11:07.384268+00:00,wallex,17903500003.0,5.305e-05,buy
2026-09-12T21:11:07.384279+00:00,wallex,17904252742.0,0.00044678,buy
2026-09-12T21:11:07.384291+00:00,wallex,17904252743.0,5.953e-05,buy
2026-09-12T21:11:08.423602+00:00,nobitex,17865000002.0,3e-05,buy
2026-09-12T21:11:25.388798+00:00,nobitex,17870000001.0,0.000151,buy
2026-09-12T21:11:26.743206+00:00,bitpin,17926820094.0,0.00027769,sell
2026-09-12T21:11:41.451803+00:00,wallex,17900000000.0,0.00025939,sell
2026-09-12T21:11:42.360983+00:00,nobitex,17865000002.0,0.001751,sell
2026-09-12T21:11:42.361017+00:00,nobitex,17865000003.0,0.000369,sell
2026-09-12T21:12:32.736276+00:00,nobitex,17870000001.0,0.001119,buy
2026-09-12T21:12:33.856727+00:00,bitpin,17926820094.0,0.00082661,sell
2026-09-12T21:12:49.287285+00:00,nobitex,17865000002.0,6.3e-05,sell
2026-09-12T21:12:49.287331+00:00,nobitex,17865000003.0,0.000369,sell
2026-09-12T21:13:05.857115+00:00,wallex,17898088075.0,0.00017538,sell
2026-09-12T21:13:07.144275+00:00,nobitex,17870000001.0,5.7e-05,buy
2026-09-12T21:13:08.676999+00:00,bitpin,17926820094.0,0.00083598,sell
2026-09-12T21:13:27.311864+00:00,nobitex,17870000001.0,0.003911,buy
2026-09-12T21:13:27.311907+00:00,nobitex,17870000001.0,0.000216,buy
2026-09-12T21:13:41.228467+00:00,wallex,17898088075.0,1.086e-05,sell
2026-09-12T21:14:00.137624+00:00,wallex,17896176148.0,0.00033927,sell
2026-09-12T21:14:00.137668+00:00,wallex,17896176148.0,0.0002,buy
2026-09-12T21:14:00.137690+00:00,wallex,17897132112.0,1.439e-05,buy
2026-09-12T21:14:00.137708+00:00,wallex,17897132113.0,7.068e-05,buy
2026-09-12T21:14:01.210963+00:00,nobitex,17870000001.0,5.2e-05,buy
2026-09-12T21:14:03.036759+00:00,bitpin,17926820094.0,0.00322933,sell
2026-09-12T21:14:18.998386+00:00,nobitex,17865000002.0,0.000174,sell
2026-09-12T21:14:18.998418+00:00,nobitex,17865000003.0,6e-06,sell
2026-09-12T21:14:31.874217+00:00,wallex,17896176148.0,0.0002738,sell
2026-09-12T21:14:56.470261+00:00,bitpin,17919807992.0,0.00158962,sell
2026-09-12T21:15:46.996487+00:00,wallex,17896176148.0,0.00241828,sell
2026-09-12T21:15:48.130300+00:00,nobitex,17865000004.0,0.000573,sell
2026-09-12T21:16:04.785312+00:00,nobitex,17865000004.0,0.000129,sell
2026-09-12T21:16:04.785354+00:00,nobitex,17865000004.0,0.000184,sell
2026-09-12T21:16:38.279392+00:00,nobitex,17870000001.0,1.6e-05,buy
2026-09-12T21:16:38.279429+00:00,nobitex,17870000001.0,0.000158,buy
2026-09-12T21:17:52.492639+00:00,nobitex,17870000001.0,0.001625,buy
2026-09-12T21:18:10.841464+00:00,nobitex,17872674070.0,3e-06,buy
2026-09-12T21:18:27.570886+00:00,wallex,17896176148.0,8.25e-06,sell
2026-09-12T21:18:28.747862+00:00,nobitex,17870000001.0,0.005336,sell
2026-09-12T21:18:28.747895+00:00,nobitex,17872674069.0,0.00236,sell
2026-09-12T21:18:28.747910+00:00,nobitex,17870000001.0,0.002003,sell
2026-09-12T21:18:44.636709+00:00,wallex,17860000000.0,1e-08,sell
2026-09-12T21:18:44.636740+00:00,wallex,17860000000.0,0.02894389,sell
2026-09-12T21:18:44.636755+00:00,wallex,17860000000.0,0.00012534,sell
2026-09-12T21:18:44.636766+00:00,wallex,17860000000.0,0.00017689,sell
2026-09-12T21:18:44.636776+00:00,wallex,17860000000.0,5.145e-05,sell
2026-09-12T21:18:44.636787+00:00,wallex,17860000000.0,2.222e-05,buy
2026-09-12T21:18:44.636796+00:00,wallex,17860000000.0,0.00015633,buy
2026-09-12T21:18:44.636807+00:00,wallex,17865635001.0,0.00139989,buy
2026-09-12T21:18:44.637005+00:00,wallex,17865636001.0,0.00025551,buy
2026-09-12T21:18:44.637188+00:00,wallex,17872000000.0,0.0009,buy
2026-09-12T21:18:44.637209+00:00,wallex,17880000000.0,0.00049233,buy
2026-09-12T21:18:44.637226+00:00,wallex,17880000000.0,0.0028009,buy
2026-09-12T21:18:44.637241+00:00,wallex,17880000000.0,0.00048156,buy
2026-09-12T21:18:44.637257+00:00,wallex,17880000000.0,2.222e-05,buy
2026-09-12T21:18:44.637271+00:00,wallex,17880000000.0,0.00015633,buy
2026-09-12T21:18:44.637286+00:00,wallex,17880000001.0,0.001268,buy
2026-09-12T21:18:44.637300+00:00,wallex,17887983928.0,0.000599,buy
2026-09-12T21:18:44.637315+00:00,wallex,17888000000.0,2.186e-05,buy
2026-09-12T21:18:44.637329+00:00,wallex,17888000001.0,9.525e-05,buy
2026-09-12T21:18:45.637779+00:00,nobitex,17872674069.0,2.8e-05,buy
2026-09-12T21:18:46.928040+00:00,bitpin,17916545031.0,0.00360436,sell
2026-09-12T21:19:02.467200+00:00,nobitex,17870000001.0,7.5e-05,sell
2026-09-12T21:19:02.467244+00:00,nobitex,17870000001.0,0.000933,sell
2026-09-12T21:19:02.467264+00:00,nobitex,17872674061.0,0.003609,buy
2026-09-12T21:19:19.394451+00:00,nobitex,17872674050.0,0.000996,buy
2026-09-12T21:19:19.394513+00:00,nobitex,17870000001.0,1e-06,sell
2026-09-12T21:19:35.633409+00:00,wallex,17870724613.0,0.0002335,buy
2026-09-12T21:19:35.633440+00:00,wallex,17870724646.0,0.00039433,buy
2026-09-12T21:19:35.633449+00:00,wallex,17883493282.0,0.000599,buy
2026-09-12T21:19:35.633459+00:00,wallex,17883493283.0,9.908e-05,buy
2026-09-12T21:19:36.668392+00:00,nobitex,17872674050.0,0.00233,sell
2026-09-12T21:19:36.668438+00:00,nobitex,17872674045.0,0.004388,buy
2026-09-12T21:19:36.668458+00:00,nobitex,17870000001.0,0.001387,sell
2026-09-12T21:19:53.396538+00:00,nobitex,17870000001.0,0.00055,sell
2026-09-12T21:19:53.396631+00:00,nobitex,17870000001.0,0.002,sell
2026-09-12T21:20:28.192225+00:00,nobitex,17872674060.0,5.2e-05,buy
2026-09-12T21:21:02.561473+00:00,nobitex,17872674060.0,3.5e-05,buy
2026-09-12T21:21:02.561523+00:00,nobitex,17872674057.0,2e-06,sell
2026-09-12T21:21:02.561545+00:00,nobitex,17872674057.0,0.00056,sell
2026-09-12T21:21:23.491880+00:00,nobitex,17872674057.0,3.5e-05,sell
2026-09-12T21:21:39.969200+00:00,wallex,17888734123.0,0.00038679,sell
2026-09-12T21:21:57.265925+00:00,nobitex,17872674060.0,0.000651,buy
2026-09-12T21:22:14.244409+00:00,nobitex,17872674057.0,9.4e-05,sell
2026-09-12T21:22:14.244457+00:00,nobitex,17872674057.0,0.000384,sell
2026-09-12T21:22:14.244479+00:00,nobitex,17872674060.0,0.00011,buy
2026-09-12T21:22:15.561384+00:00,bitpin,17916545031.0,1.003e-05,sell
2026-09-12T21:22:28.885170+00:00,wallex,17870724613.0,0.00028119,buy
2026-09-12T21:22:28.885219+00:00,wallex,17870724623.0,3e-06,buy
2026-09-12T21:22:28.885238+00:00,wallex,17883122022.0,0.000599,buy
2026-09-12T21:22:28.885254+00:00,wallex,17883122023.0,0.00011681,buy
2026-09-12T21:22:44.519644+00:00,wallex,17850966102.0,5.574e-05,buy
2026-09-12T21:22:44.519668+00:00,wallex,17852807820.0,5.623e-05,buy
2026-09-12T21:22:44.519677+00:00,wallex,17852808820.0,0.00010795,buy
2026-09-12T21:22:44.519685+00:00,wallex,17870724613.0,6.77e-06,buy
2026-09-12T21:22:44.519696+00:00,wallex,17883122022.0,0.000599,buy
2026-09-12T21:22:44.519703+00:00,wallex,17883122023.0,0.00012028,buy
2026-09-12T21:22:49.017188+00:00,bitpin,17920545031.0,1.116e-05,sell
2026-09-12T21:23:03.996686+00:00,wallex,17883122023.0,6.35e-06,sell
2026-09-12T21:23:03.996724+00:00,wallex,17883122023.0,0.000599,sell
2026-09-12T21:23:03.996742+00:00,wallex,17883122023.0,0.00012145,sell
2026-09-12T21:23:03.996757+00:00,wallex,17870724613.0,0.00057395,sell
2026-09-12T21:23:04.929653+00:00,nobitex,17870000001.0,0.000101,sell
2026-09-12T21:23:04.929708+00:00,nobitex,17872674057.0,0.00026,sell
2026-09-12T21:23:06.437658+00:00,bitpin,17920545031.0,0.00020797,sell
